img_21001,212,854,123,828,147,742,236,767,染
img_21001,228,965,36,919,60,817,252,863,樂本
img_21003,583,382,475,382,475,296,583,296,仔
img_21003,600,293,362,291,363,215,601,216,甜蚵
img_21008,644,992,619,992,619,935,644,935,賣
img_21008,833,1023,735,1023,735,981,833,981,成功東庄
img_21011,649,755,220,717,227,644,656,682,鮮之堡緻早餐
img_21013,433,1203,256,1109,296,1032,474,1126,=
img_21018,163,452,112,448,115,403,166,407,新
img_21018,798,1260,583,1248,585,1212,800,1224,師
img_21022,442,771,122,771,122,627,442,627,九:
img_21024,517,972,404,972,404,881,517,881,珠
img_21025,946,290,847,290,847,223,946,223,鉛
img_21032,1000,1361,907,1361,907,1118,1000,1118,工
img_21033,749,439,108,425,112,241,753,255,品
img_21038,553,722,125,598,190,375,618,499,(潟
img_21046,688,992,543,1025,508,874,653,841,胎
img_21048,1130,1018,1102,1021,1095,948,1123,945,羹器
img_21048,261,972,218,972,218,941,261,941,門
img_21048,464,1011,429,1011,429,936,464,936,紅灰
img_21052,925,1082,905,1082,905,1066,925,1066,日B
img_21054,137,1227,91,1227,91,1091,137,1091,矗
img_21055,819,425,712,489,693,457,800,393,龢幢
img_21057,1457,945,956,967,952,870,1452,849,poota小潘潘全麥麵包
img_21060,669,549,608,552,602,438,663,435,堯
img_21060,844,948,779,957,746,703,811,694,%
img_21061,404,507,358,545,43,154,89,116,薹雲
img_21071,323,770,170,831,130,731,284,670,趣
img_21071,345,517,198,607,148,525,295,435,夾
img_21072,831,785,788,786,786,704,829,703,理
img_21080,350,986,176,1003,168,923,342,906,古早亨
img_21080,809,948,440,1012,421,903,790,839,1
img_21081,117,977,97,972,122,863,142,867,霧
img_21085,518,314,457,323,450,275,512,266,新
img_21085,610,917,587,917,587,875,610,875,丁銀
img_21090,1211,434,514,428,515,389,1212,395,C
img_21092,488,1140,84,1140,84,961,488,961,`三
img_21092,491,1012,54,1005,57,782,495,788,[:13
img_21093,982,1136,761,1204,735,1119,955,1051,G0
img_21098,505,163,465,161,470,61,510,63,籍
img_21100,139,1702,36,1702,36,1614,139,1614,辦
img_21100,892,496,580,471,589,353,902,378,OpEAMio
img_21109,664,1380,490,1448,468,1390,641,1323,咄州
img_21120,850,970,799,970,799,865,850,865,奇雅
img_21124,173,1063,29,1063,29,899,173,899,奸
img_21126,318,596,177,601,175,561,317,556,飯
img_21131,694,794,586,802,572,618,680,610,住
img_21133,694,399,401,437,398,413,691,375,TTIF
img_21134,476,825,101,1010,72,951,447,766,川
img_21135,482,788,386,762,400,707,497,734,捷
img_21135,603,1357,498,1370,481,1235,586,1222,料
img_21139,1010,485,944,473,955,410,1021,422,鼎
img_21144,823,451,173,467,172,448,822,431,TomotoCream3pumpiinWhiteWino燉飯
img_21154,418,1390,194,1371,196,1343,420,1361,麵&味嚐1tL3
img_21154,982,1449,647,1416,651,1366,987,1399,#5810319
img_21155,361,1160,268,1137,273,1120,365,1143,心0^
img_21156,401,993,118,999,117,978,400,972,{04)2375-5577五捶五面店
img_21160,1515,968,367,972,366,907,1514,904,豊服出租全家福照孕婦寶寶%個人寫真
img_21162,236,973,98,911,125,851,263,914,CRED`^;
img_21162,950,1394,830,1354,841,1321,961,1361,(04|25870
img_21163,993,1107,925,1069,943,1036,1011,1074,$
img_21163,1004,1175,940,1138,961,1103,1025,1140,^
img_21163,957,1200,622,985,703,860,1038,1074,%0
img_21164,108,888,28,864,48,799,128,822,明
img_21165,1026,532,999,532,999,506,1026,506,乳
img_21165,592,559,376,551,384,343,600,350,基
img_21170,811,397,289,258,319,145,841,284,""""
img_21173,740,1115,329,1235,274,1048,685,929,)
img_21174,159,707,37,707,37,599,159,599,旭
img_21174,155,1176,37,1158,67,953,185,970,布
img_21175,620,870,592,870,592,835,620,835,日
img_21176,608,791,497,791,497,707,608,707,束
img_21176,612,953,481,953,481,860,612,860,粥
img_21176,685,1165,408,1180,405,1126,682,1110,訂購專線
img_21180,884,358,727,358,727,218,884,218,12
img_21182,870,827,739,827,739,758,870,758,HELTHIN引UR
img_21183,522,797,337,797,337,638,522,638,酒
img_21184,510,1140,257,1162,241,981,494,959,粉
img_21188,737,773,506,691,568,516,799,598,deProvi-
img_21190,524,947,398,942,414,536,540,541,嘗
img_21194,631,977,412,977,412,830,631,830,言
img_21194,633,497,432,497,432,364,633,364,{5
img_21194,637,651,429,651,429,513,637,513,斤7
img_21194,641,1209,422,1215,419,1115,638,1108,口HEALTH
img_21195,679,294,580,336,567,306,666,264,T
img_21200,811,1027,689,1069,671,1016,793,974,p`
img_21202,469,727,187,756,184,726,466,697,]0
img_21207,270,1169,237,1168,239,1067,272,1068,鑫彩券
img_21207,831,1177,799,1183,755,967,787,960,###
img_21213,1604,942,1566,942,1566,911,1604,911,65
img_21218,272,1626,177,1622,190,1316,285,1320,表
img_21222,542,872,385,872,385,755,542,755,式
img_21228,468,752,431,752,431,718,468,718,器
img_21233,966,659,817,721,796,669,945,608,###
img_21235,987,1427,783,1435,780,1361,984,1353,SpoRTSIAIWANLOTTER`
img_21237,419,849,89,873,73,652,403,627,髮
img_21241,679,641,609,641,609,526,679,526,楊
img_21241,679,510,605,507,610,412,684,416,五
img_21243,593,829,461,816,484,595,616,609,賽
img_21243,604,558,520,548,543,362,627,372,慧
img_21244,436,882,328,882,328,715,436,715,箸
img_21244,731,729,335,725,336,654,732,658,五電禮
img_21247,531,492,420,500,415,418,525,410,寶
img_21247,529,452,427,450,432,221,533,223,珠
img_21247,684,1092,538,1094,537,1060,683,1059,TEASHOpTHE
img_21250,616,692,585,688,603,556,633,560,奎
img_21250,835,886,755,909,751,893,831,870,""""
img_21253,1072,707,243,787,228,636,1057,556,GuCuWaffl@%
img_21253,433,806,291,845,278,800,420,760,$HouseWaile
img_21258,515,1829,232,1758,270,1609,552,1680,仆
img_21258,539,1650,244,1582,274,1452,569,1520,仙1
img_21260,566,826,406,862,388,781,548,745,輝
img_21264,926,824,835,838,809,659,900,645,裝
img_21264,887,686,788,661,802,604,902,629,助
img_21266,1096,288,1028,299,983,39,1051,27,耋
img_21267,820,718,784,718,784,636,820,636,墨
img_21269,1218,957,1177,960,1172,900,1213,896,5
img_21276,61,778,25,778,25,716,61,716,婕
img_21276,990,1281,959,1284,950,1187,981,1185,診所
img_21278,1048,629,205,509,238,278,1081,398,棒柰里
img_21280,579,815,440,815,440,616,579,616,羹
img_21283,207,305,112,308,103,40,198,37,新
img_21288,963,600,68,602,67,503,962,501,煎粿蛋餅味嘈湯魚丸湯
img_21290,690,535,21,535,21,510,690,510,建立高齡
img_21291,141,1467,85,1467,85,1400,141,1400,染
img_21295,1230,567,148,540,149,501,1231,528,麵規
img_21296,414,207,193,191,200,87,422,103,C&
img_21297,730,486,606,486,606,218,730,218,蓄
img_21297,753,510,468,530,445,212,731,192,結
img_21300,502,1421,474,1423,470,1339,498,1337,胃
img_21302,745,987,710,987,710,968,745,968,5
img_21303,1254,660,1230,660,1230,609,1254,609,西
img_21304,855,1198,744,1197,746,1026,857,1028,烤
img_21305,1027,783,475,445,542,335,1094,673,^
img_21305,1331,189,1191,166,1201,105,1341,127,請留
img_21306,832,506,641,506,641,423,832,423,時:園
img_21306,844,621,655,642,646,553,834,533,控:茁
img_21309,195,691,156,675,165,652,205,669,2971
img_21309,438,430,384,428,386,362,441,364,昇
img_21309,440,349,380,319,401,277,460,307,傑
img_21311,352,803,253,803,253,766,352,766,ICiC9
img_21311,802,926,741,926,741,877,802,877,鴻
img_21314,1358,606,1102,606,1102,477,1358,477,上
img_21315,1188,798,1060,779,1067,733,1195,753,的果香味
img_21315,1192,754,1042,725,1052,669,1202,697,吐R
img_21319,841,397,704,393,707,308,844,312,建
img_21333,1051,582,257,922,169,716,962,376,臭
img_21338,425,473,185,466,188,369,428,376,HEALTH
img_21338,984,443,520,429,521,400,985,414,眩暈耳鳴重聽
img_21344,1809,571,1552,546,1563,430,1820,455,3|
img_21356,1007,925,928,934,926,917,1005,908,@0
img_21356,349,638,297,638,297,503,349,503,蔻
img_21357,1259,850,1176,874,1114,653,1198,630,子窘平
img_21358,739,546,542,544,543,454,740,455,71炸魚炸條角粿肉
img_21360,919,566,142,640,126,470,903,396,國祭言鐵GRANDCHATEAURICHLIFE
img_21364,577,1029,242,1029,242,961,577,961,菜飩醬春
img_21364,809,779,691,811,620,553,738,520,燙
img_21365,388,971,298,971,298,904,388,904,地
img_21366,78,639,51,633,76,524,104,530,0
img_21370,233,639,210,639,210,572,233,572,芝麻
img_21372,266,420,208,431,185,315,243,303,菑
img_21372,734,1187,605,1163,623,1067,752,1091,0
img_21375,483,1123,168,1123,168,954,483,954,10)
img_21375,535,1121,485,1121,485,1079,535,1079,兀
img_21375,789,1751,198,1751,198,1628,789,1628,00
img_21375,898,1546,205,1604,188,1400,881,1342,咖0
img_21380,969,885,763,885,763,743,969,743,萱柔
img_21383,529,1266,421,1254,424,1233,531,1246,11
img_21385,247,384,45,384,45,182,247,182,###
img_21389,1019,919,758,906,762,839,1022,852,皿
img_21389,1112,883,998,876,1000,845,1114,852,保更婺爆
img_21389,1329,934,624,871,629,812,1334,875,冢保更墨爆羊瞞
img_21389,968,917,916,917,916,890,968,890,皿花
img_21392,338,859,223,852,241,555,356,562,蓉
img_21392,625,790,400,773,413,603,638,620,行
img_21392,618,491,402,454,424,328,639,365,機
img_21392,622,626,399,587,421,465,644,505,###
img_21392,678,1321,531,1302,538,1252,684,1271,C6T
img_21397,930,254,878,254,878,176,930,176,花
img_21397,947,553,890,556,887,464,944,461,築
img_21399,883,1075,515,1156,496,1069,864,989,內湖店
img_21410,116,921,68,880,363,541,411,583,薹
img_21410,556,654,536,638,564,601,585,617,后
img_21410,580,675,558,661,584,618,607,632,分
img_21410,614,643,551,603,734,318,796,358,桑
img_21415,589,427,529,427,529,351,589,351,品
img_21417,936,722,828,722,828,700,936,700,0)
img_21419,246,898,170,916,164,892,241,874,hiC
img_21419,542,387,251,486,221,396,512,297,Giep
img_21425,749,514,679,548,662,513,732,479,州
img_21427,249,655,162,723,131,684,219,616,班
img_21427,262,535,187,595,162,565,238,505,補
img_21427,270,481,188,541,166,511,248,451,期
img_21427,275,426,201,487,179,460,253,399,短
img_21427,415,695,145,952,81,885,351,628,兒螢
img_21427,722,879,647,908,626,852,700,823,鴻
img_21427,741,1482,664,1484,656,1259,733,1256,程行
img_21428,451,876,404,876,404,775,451,775,鬟球
img_21433,602,1105,521,1110,508,884,590,880,雙
img_21441,1067,833,243,823,244,762,1068,772,病情需要再轉診
img_21449,691,813,268,813,268,478,691,478,燉
img_21452,1116,759,355,1041,284,848,1045,566,#岫啡
img_21455,1192,873,933,868,936,710,1196,716,夯筑
img_21456,476,945,380,945,380,924,476,924,niusbaby
img_21458,856,738,812,743,806,684,850,679,台
img_21459,520,689,386,732,365,666,499,624,"0"""
img_21460,726,706,380,632,420,444,766,518,3
img_21461,1105,634,1035,657,924,322,993,298,薹
img_21464,646,536,608,536,608,484,646,484,日
img_21465,640,1237,457,1237,457,1036,640,1036,擔
img_21465,869,1110,825,1117,821,1097,866,1090,咖
img_21466,1044,752,956,752,956,673,1044,673,后
img_21466,171,799,74,792,80,702,178,709,口=
img_21466,778,813,691,813,691,733,778,733,采
img_21469,56,920,14,917,16,895,57,898,t
img_21471,858,174,761,181,759,157,856,149,石拉
img_21474,632,695,470,707,453,476,614,464,薺
img_21480,780,1261,528,1261,528,1134,780,1134,$:`2
img_21481,1178,914,855,914,855,847,1178,847,乾乾乾乾湯
img_21481,503,907,472,907,472,847,503,847,冬季
img_21481,825,910,792,910,792,845,825,845,乾湯
img_21482,479,1202,398,1204,393,1012,474,1010,攝
img_21482,474,1098,399,1098,399,1017,474,1017,攝
img_21483,662,511,468,511,468,413,662,413,LG
img_21488,430,718,404,738,248,532,274,512,三三
img_21492,896,956,726,940,735,845,905,861,不3口口巾布本
img_21496,1444,912,983,930,977,782,1438,764,鞋子
img_21496,1439,561,1040,561,1040,392,1439,392,用5
img_21498,439,1111,393,1111,393,982,439,982,咳嗽
img_21508,592,753,534,759,525,666,583,660,車
img_21508,604,905,525,910,511,721,591,715,宙
img_21509,843,744,607,530,710,417,946,630,Ko4
img_21512,981,1293,869,1291,870,1269,982,1270,10
img_21514,499,965,394,965,394,952,499,952,11
img_21517,814,447,723,447,723,394,814,394,1>
img_21528,1145,464,1064,487,1053,448,1133,425,飲料
img_21528,881,539,794,565,786,537,872,511,燒餅類
img_21529,1072,912,1020,914,1019,869,1070,867,鴻
img_21533,753,250,482,253,480,76,751,73,遠
img_21534,625,309,560,309,560,266,625,266,假
img_21534,700,732,606,732,606,660,700,660,福
img_21534,702,911,608,911,608,727,702,727,譬
img_21535,727,1008,635,1011,626,740,718,737,烤肉
img_21537,851,1223,274,1191,284,996,861,1028,麵麵麵
img_21539,989,805,27,698,66,346,1028,453,C香
img_21541,558,1118,437,1123,433,1040,555,1036,班
img_21542,225,874,74,877,72,799,223,795,HEALTH
img_21544,760,846,672,850,664,662,752,659,杏
img_21546,671,381,507,478,471,417,635,319,[
img_21546,904,768,7,743,11,611,907,636,*皂三*
img_21548,441,632,247,583,255,553,448,602,樹林頭原+
img_21548,485,646,227,574,247,501,506,573,外帶牛排套餐樹林頭原r
img_21551,1171,964,565,917,579,734,1185,780,星海*檳榔
img_21556,713,772,647,773,643,593,710,591,呈冠
img_21556,711,763,649,763,649,694,711,694,冠
img_21557,221,1057,153,1052,165,893,232,898,尕
img_21557,320,273,240,231,251,209,332,251,|'0
img_21557,992,650,796,797,748,732,945,586,1335
img_21564,1362,972,1297,972,1297,879,1362,879,贊
img_21570,2256,662,1271,636,1279,310,2264,337,6
img_21580,766,470,596,468,597,304,768,305,棻
img_21581,258,934,141,936,139,790,256,788,儀
img_21581,273,551,144,547,148,405,277,409,科
img_21581,277,347,161,347,161,54,277,54,天
img_21581,885,889,727,857,743,779,901,811,神佛
img_21585,682,1808,646,1808,646,1712,682,1712,R
img_21593,566,1682,361,1706,348,1603,553,1579,捍野屋
img_21595,603,326,252,276,261,206,613,256,{608茁
img_21596,680,678,533,637,559,540,707,581,品
img_21598,495,782,426,767,454,635,523,649,曩
img_21599,69,1274,6,1289,0,1264,63,1249,仰
img_21601,1123,736,334,736,334,543,1123,543,三式精呈屋蓓%
img_21605,573,1440,469,1395,490,1347,594,1392,外
img_21605,576,1506,475,1469,494,1416,595,1453,銀得
img_21605,588,1569,482,1542,497,1485,602,1511,組殊
img_21605,827,1229,759,1199,769,1175,837,1206,0
img_21605,849,1729,802,1733,789,1560,837,1557,管理
img_21606,501,1302,443,1302,443,1163,501,1163,煎鉸
img_21606,502,1020,450,1020,450,984,502,984,日
img_21608,287,353,231,337,240,302,297,318,師
img_21608,293,269,216,236,234,194,311,226,晴
img_21608,298,202,222,174,237,134,313,162,韻
img_21610,294,442,172,427,224,20,346,36,代
img_21610,80,1002,14,999,22,849,88,852,套
img_21612,498,873,210,742,242,670,531,801,光宏資訊
img_21614,316,779,281,772,303,662,338,669,禽
img_21614,350,819,311,817,319,694,358,697,且
img_21622,323,948,218,948,218,937,323,937,亡
img_21622,383,738,128,754,124,703,380,687,面禁菸
img_21622,442,967,89,977,88,956,441,946,否堤腐場全面禁菸
img_21625,340,504,267,503,269,333,343,334,臾
img_21628,449,394,90,425,73,223,432,192,獸者
img_21631,711,311,616,311,616,100,711,100,券
img_21637,1173,178,1092,178,1092,90,1173,90,宏
img_21637,1186,562,1111,562,1111,471,1186,471,習
img_21649,413,728,326,728,326,625,413,625,燙
img_21649,420,468,277,468,277,228,420,228,羹
img_21649,472,1081,207,1098,201,1004,466,987,誠徵
img_21650,480,799,161,922,93,747,412,624,音訓貫賣
img_21654,880,1407,663,1383,671,1310,888,1334,斬典栗局
img_21659,506,918,423,918,423,800,506,800,藥
img_21659,700,514,560,514,560,396,700,396,詠
img_21660,874,1200,578,1110,597,1046,893,1136,加以維畿清潔或油漆;花andpaintngitsfacllesFlowersgrass
img_21660,886,1145,579,1064,594,1006,902,1086,mananingthisareaoyregularlcleanino
img_21660,887,1267,576,1166,599,1095,910,1195,樹木應日常施予灑水`施肥andfreesshallalsobeproperlywat
img_21661,553,706,399,677,419,570,573,599,鈕
img_21662,783,1048,726,1053,707,868,764,862,暠
img_21662,854,990,792,1019,772,978,833,948,印
img_21665,351,827,185,823,191,549,357,553,景
img_21670,574,788,276,1025,230,966,528,729,""""
img_21672,210,930,115,926,119,832,213,835,檳
img_21672,227,634,126,632,129,435,230,436,竇
img_21674,791,991,381,991,381,746,791,746,食
img_21675,263,1315,10,1297,22,1122,275,1139,龕響
img_21675,599,1646,519,1580,722,1332,802,1398,======
img_21678,622,993,495,993,495,893,622,893,三
img_21680,445,404,309,404,309,284,445,284,雞
img_21685,567,584,405,603,398,541,560,522,門市
img_21689,751,1273,566,1285,556,1118,741,1107,掃
img_21690,357,928,124,928,124,840,357,840,襪襪
img_21690,443,959,119,963,118,934,442,930,童襪毛巾系列
img_21692,354,1248,236,1250,234,1066,351,1064,利
img_21692,423,1299,365,1299,365,1209,423,1209,節
img_21692,564,843,512,843,512,753,564,753,品
img_21694,1018,1055,611,1055,611,957,1018,957,十皿
img_21694,441,558,281,564,271,291,431,285,國
img_21694,462,1312,287,1312,287,1084,462,1084,二療
img_21694,452,1153,283,1136,296,1004,466,1021,醫
img_21697,1228,693,937,693,937,613,1228,613,0246
img_21699,459,993,199,968,212,838,472,863,502
img_21708,584,1633,240,1701,227,1636,572,1569,川
img_21710,189,679,134,654,156,605,212,630,周
img_21712,497,894,336,885,340,807,501,815,8
img_21720,573,961,447,959,450,703,576,705,動產
img_21722,188,635,12,541,47,477,222,571,03-56217%0MOTH
img_21726,967,589,479,589,479,245,967,245,2
img_21727,91,1074,21,1071,29,869,98,872,台鈴
img_21728,484,870,344,870,344,568,484,568,釣具
img_21728,732,578,633,579,630,303,729,302,屋家
img_21729,1573,941,1188,932,1189,901,1574,909,創立於民國9[
img_21733,333,862,259,860,265,676,338,679,發
img_21737,673,566,320,488,345,378,698,457,吐司卑賣
img_21740,800,1179,738,1179,738,1008,800,1008,材
img_21744,931,767,801,767,801,667,931,667,廣
img_21745,515,1374,395,1374,395,1276,515,1276,餵
img_21746,760,381,393,489,346,331,713,222,維揚
img_21748,862,850,434,879,428,794,856,765,龍油窗
img_21755,435,674,90,723,74,613,419,563,揩腳飯
img_21759,777,586,616,604,608,527,769,509,言
img_21760,987,1102,860,1102,860,787,987,787,理
img_21762,378,577,289,577,289,515,378,515,FSK
img_21765,546,929,117,918,118,856,548,867,MOllysorunCh&cafe莫莉草午餐&咖啡
img_21767,955,196,179,196,179,114,955,114,肉肉排排排花辣3蛋麵醬飩肉肉牛牛
img_21776,294,1135,261,1135,261,1103,294,1103,日
img_21776,370,879,293,877,297,728,374,730,暠
img_21776,794,636,698,638,694,400,790,399,龜
img_21777,869,960,804,960,804,880,869,880,檗
img_21778,597,1973,354,1973,354,1797,597,1797,嚨
img_21779,1016,889,783,841,799,763,1032,810,;
img_21779,69,983,13,983,13,928,69,928,糕
img_21779,844,998,74,1004,73,903,843,897,魷魯火乍麻餛魚肉鑾醬醬飩8麥麥面麥面
img_21782,542,727,486,727,486,604,542,604,業
img_21782,546,370,488,370,488,275,546,275,銥
img_21783,602,909,557,907,561,816,605,818,機
img_21784,332,398,93,300,136,195,375,292,品淵
img_21792,203,1360,170,1360,170,1318,203,1318,皿皿
img_21794,488,1055,33,682,134,558,590,931,4
img_21794,696,299,584,364,552,307,663,243,凱
img_21795,916,1225,473,1300,453,1185,897,1110,州
img_21798,148,536,103,528,108,497,154,506,'
img_21798,151,596,98,594,100,529,154,531,強
img_21798,545,1379,497,1380,495,1236,543,1235,簑
img_21799,458,637,373,637,373,565,458,565,限
img_21803,541,805,500,805,500,678,541,678,付
img_21805,1287,457,10,457,10,397,1287,397,北中站K區地下街TaipeiStationKUndergroundMall
img_21807,856,771,544,899,491,769,803,641,米佳
img_21812,308,998,191,966,213,885,330,917,磁
img_21812,330,726,233,704,247,643,344,666,紅
img_21813,1106,773,957,773,957,680,1106,680,冰
img_21813,1316,728,1168,728,1168,631,1316,631,瓜
img_21814,648,1092,182,990,202,900,668,1002,-成荷外棉窗被床毛
img_21823,1023,974,659,974,659,915,1023,915,0300
img_21825,510,264,422,253,440,97,529,108,棻
img_21826,171,1001,128,1001,128,917,171,917,紺膜
img_21826,174,1045,129,1045,129,1000,174,1000,助
img_21826,271,882,204,882,204,733,271,733,鑿
img_21826,953,696,864,702,857,601,946,595,錶
img_21827,1241,975,561,975,561,945,1241,945,n
img_21834,738,716,469,763,461,716,730,668,0
img_21835,1039,590,360,609,359,578,1038,559,籠物精品美容&SPA
img_21835,1200,545,133,617,125,493,1192,422,TTAILS小捲尾
img_21837,606,866,563,868,558,724,600,722,染燙
img_21837,600,786,560,786,560,740,600,740,朱
img_21837,651,726,542,704,553,648,662,670,冼剪
img_21838,1611,349,138,370,137,318,1610,296,高雄市三民區大中一路235巷21弄1號雷話:(07)3458178傳真:(07)3596
img_21839,678,532,522,532,522,276,678,276,口
img_21839,679,444,522,444,522,344,679,344,香
img_21839,698,244,473,238,475,185,700,192,###
img_21841,1621,884,1124,884,1124,684,1621,684,3
img_21843,679,702,294,702,294,598,679,598,3
img_21847,548,1252,420,1219,426,1196,553,1229,(
img_21851,924,700,842,700,842,633,924,633,油
img_21854,518,2242,214,2238,218,1942,521,1945,廣生
img_21854,952,829,742,812,754,659,964,675,王
img_21860,943,628,594,649,592,613,941,592,96
img_21860,953,634,139,673,137,631,951,593,69&96
img_21861,595,1034,496,1034,496,999,595,999,`77
img_21864,202,423,95,423,95,344,202,344,南
img_21864,562,465,287,460,288,406,563,412,魯肉飯
img_21864,570,588,298,585,299,527,571,531,魯腿飯
img_21868,1458,354,439,328,444,110,1463,136,喬許沙龍
img_21873,458,999,434,999,434,976,458,976,眼
img_21875,352,654,282,656,277,489,347,487,理
img_21876,721,548,615,548,615,320,721,320,德牙
img_21877,1116,395,1005,402,1000,309,1111,302,建
img_21877,1156,716,1041,726,1024,529,1139,519,藥
img_21877,1225,899,1048,911,1040,793,1217,782,名人po
img_21878,1269,905,1159,914,1134,628,1244,618,蠶
img_21878,208,874,70,874,70,762,208,762,花
img_21878,74,1019,53,1013,76,931,96,936,荼
img_21879,322,1063,279,1063,279,1026,322,1026,旭
img_21880,383,173,332,210,319,191,369,154,(
img_21880,380,881,264,881,264,722,380,722,猷
img_21884,80,741,23,741,23,581,80,581,氣
img_21884,841,855,249,855,249,794,841,794,"麵麵麵麵麵麵麵"""
img_21888,447,1013,394,1014,391,846,444,845,朱
img_21888,1012,951,385,1024,360,812,987,739,家
img_21892,681,493,292,493,292,325,681,325,蠱
img_21896,724,757,368,664,389,584,745,677,1
img_21901,342,1044,49,1057,48,1038,341,1025,預約雷:0934-008425
img_21902,466,582,106,595,102,464,461,452,娼迪服節
img_21902,475,789,448,789,448,721,475,721,田體制日
img_21903,607,462,578,462,578,426,607,426,口
img_21905,719,471,549,436,568,345,737,380,吃
img_21908,622,368,112,396,103,235,613,206,==`
img_21909,673,587,593,586,594,448,675,449,當
img_21912,201,891,134,883,144,800,211,809,徐
img_21917,433,1168,360,1168,360,1152,433,1152,({
img_21918,1207,708,1147,708,1147,666,1207,666,8=3
img_21918,681,718,364,718,364,649,681,649,磚統水
img_21925,883,554,861,537,995,367,1017,385,薹
img_21925,896,676,851,639,993,463,1038,499,氏
img_21925,305,1072,103,1044,117,942,320,970,f園
img_21927,171,687,110,722,93,692,154,657,""""
img_21929,390,997,213,1020,205,960,382,936,卡通布拼布包
img_21931,191,1112,163,1112,163,1038,191,1038,捐
img_21931,845,571,320,600,315,522,841,493,生;羊飯10
img_21933,833,494,509,340,554,244,879,398,5
img_21937,737,1202,620,1231,532,878,648,849,夸
img_21938,282,1127,235,1129,231,1035,278,1033,昱
img_21939,299,739,223,738,225,609,301,610,暈
img_21939,594,535,476,496,497,432,616,472,精
img_21939,615,625,491,587,513,517,637,554,緻
img_21939,670,849,545,857,530,612,655,604,鬟
img_21943,544,760,472,760,472,654,544,654,繼
img_21944,1114,839,367,809,369,738,1117,767,仔仔
img_21946,321,761,268,761,268,626,321,626,{
img_21947,285,1014,57,1014,57,854,285,854,糸
img_21947,291,1201,58,1199,60,1025,293,1027,緞
img_21953,476,651,369,650,373,337,479,339,或
img_21963,880,1308,619,1308,619,1059,880,1059,號
img_21965,624,568,555,579,546,528,615,516,牌
img_21965,732,559,656,570,648,514,724,503,緻
img_21965,764,421,547,481,533,433,750,372,咕帖日
img_21972,663,1131,574,1131,574,1051,663,1051,訓
img_21974,671,514,195,634,172,546,649,426,民健康保險約藥局永信
img_21981,789,191,571,191,571,35,789,35,基
img_21981,806,597,578,597,578,437,806,437,教
img_21981,815,799,590,802,588,645,813,643,潮
img_21982,923,833,837,827,842,767,928,773,加
img_21992,260,699,159,764,134,726,236,661,忭
img_21993,541,1262,157,1261,158,1243,542,1245,茱止吸菸注意豈山安全
img_21995,545,839,453,839,453,623,545,623,兒尹
img_21996,210,727,118,719,128,589,221,596,正
img_21998,1249,561,591,574,590,543,1248,530,餐飲設備.炒烤爐具.小吃車台冷凍冷藏.冰品冷飲
img_22001,751,1057,553,1057,553,976,751,976,O[o@
img_22002,664,751,539,684,561,642,687,708,AiESTMs
img_22007,1246,982,191,979,192,937,1247,940,大圖輸出.影印.掃描.工程圖出圖.裝訂.合
img_22015,1108,1564,555,1871,452,1685,1005,1378,邯
img_22015,171,1119,59,1099,69,1043,181,1062,丞軒
img_22018,89,1290,26,1285,39,1112,103,1117,柰
img_22029,611,1097,504,1097,504,914,611,914,猛
img_22036,1150,918,1063,918,1063,862,1150,862,2出
img_22036,158,906,117,906,117,869,158,869,I
img_22040,427,879,335,881,332,666,424,665,暉美
img_22041,1293,568,785,651,767,542,1276,459,鍋燒麵
img_22041,682,691,394,739,382,669,670,621,象小館
img_22042,628,1500,216,1469,224,1363,636,1394,SunFlono
img_22042,896,463,810,484,797,432,883,410,二
img_22047,135,1200,105,1194,135,1050,165,1056,髻
img_22047,878,1139,212,1230,199,1139,866,1048,0
img_22048,1290,994,1266,996,1262,922,1286,921,奶起司
img_22054,566,890,371,890,371,729,566,729,樹
img_22055,719,1347,559,1349,557,1170,717,1168,燒
img_22056,697,1112,579,1134,570,1084,687,1062,CiaLllA
img_22058,443,2212,330,2212,330,2110,443,2110,電
img_22058,788,1248,573,1248,573,1067,788,1067,燈
img_22059,517,914,361,895,371,816,527,836,HEALTH
img_22060,299,411,198,412,197,248,297,247,囂
img_22062,330,150,236,134,240,110,334,126,&HiAl
img_22062,365,560,257,547,260,519,368,532,$#AAll
img_22063,637,698,468,701,463,321,632,319,大成
img_22063,611,928,465,904,497,709,643,733,當
img_22068,1072,236,838,236,838,147,1072,147,輪里
img_22070,710,653,531,655,529,506,708,504,;i
img_22070,732,872,526,872,526,704,732,704,{6
img_22076,379,720,267,724,262,540,373,536,達
img_22076,392,1134,287,1135,285,976,390,975,舖
img_22077,292,764,138,760,140,693,294,698,6
img_22080,1139,461,823,405,839,316,1155,372,式
img_22080,194,824,99,821,100,783,195,786,匕OFF
img_22085,528,354,494,354,494,328,528,328,麻
img_22087,196,608,82,605,85,463,199,466,功
img_22087,267,1040,181,1034,198,788,283,794,%
img_22087,628,1478,11,1519,4,1416,621,1375,卜閒種
img_22087,980,715,862,725,859,693,977,683,70!!{?00
img_22088,812,268,575,274,573,224,811,218,IT二
img_22093,1045,924,606,916,608,783,1048,791,小旺號
img_22093,1079,884,1054,884,1054,862,1079,862,北
img_22097,1217,799,1045,801,1043,654,1215,651,話
img_22097,172,798,45,798,45,679,172,679,戴
img_22099,663,1273,596,1272,597,1243,664,1245,品服
img_22100,640,887,195,776,218,685,663,796,明
img_22100,1011,1250,614,1459,562,1361,960,1152,m
img_22102,200,1031,108,1031,108,810,200,810,潢
img_22103,1396,816,1205,816,1205,633,1396,633,明
img_22103,554,775,411,775,411,649,554,649,嶇
img_22110,476,649,331,653,319,219,463,215,林
img_22114,812,349,219,282,238,109,832,176,漫畫出
img_22114,862,448,741,454,729,206,851,200,出租
img_22115,694,789,596,836,577,797,676,750,卅
img_22118,774,1285,680,1291,675,1199,769,1194,店
img_22121,944,712,829,695,839,626,954,642,祥
img_22122,972,929,793,929,793,741,972,741,腦
img_22126,682,884,266,884,266,763,682,763,紋眉
img_22126,693,1022,267,1022,267,896,693,896,紋唇
img_22127,804,1177,340,1233,337,1204,800,1149,#
img_22128,702,744,553,745,551,378,700,377,築
img_22130,378,919,289,919,289,788,378,788,租
img_22132,546,906,327,905,328,849,547,851,聯上海棠
img_22133,176,1359,147,1359,147,1334,176,1334,哇
img_22134,1245,709,981,736,963,558,1228,532,QK
img_22134,1706,661,1646,661,1646,595,1706,595,量
img_22134,383,590,110,590,110,418,383,418,Ok
img_22135,953,1127,935,1129,932,1076,950,1074,作業
img_22136,819,594,669,681,650,649,800,561,(
img_22136,865,1322,841,1324,836,1246,860,1245,萬起
img_22141,1092,764,471,764,471,601,1092,601,滷味
img_22143,119,828,68,821,94,638,145,645,目
img_22144,1119,392,567,412,565,373,1118,353,Teppwiuoki無菜單鐵板燒
img_22147,201,271,51,283,45,207,195,195,HALTH
img_22151,555,1216,457,1216,457,1148,555,1148,理
img_22151,557,1163,462,1163,462,1058,557,1058,料
img_22157,701,880,577,808,593,779,718,851,I
img_22157,883,510,744,537,720,414,859,387,狙
img_22159,841,708,444,708,444,541,841,541,請仁
img_22159,867,1065,459,1090,447,907,855,881,洽1
img_22161,198,428,160,429,159,322,196,321,撞球
img_22162,695,460,584,462,582,381,693,379,份
img_22162,702,370,432,374,430,204,700,201,三D復
img_22162,721,874,443,889,432,674,710,659,N三
img_22164,935,1012,865,1014,864,957,933,956,醫
img_22164,951,1112,871,1116,868,1045,948,1041,診
img_22164,1011,713,970,718,949,555,990,550,導
img_22168,581,1009,390,1016,386,919,577,912,魷魚
img_22177,975,855,948,858,942,802,968,799,奕
img_22182,740,268,317,300,308,182,731,150,塔羅
img_22185,255,949,213,949,213,926,255,926,工
img_22188,676,1527,414,1427,462,1303,723,1404,日
img_22190,959,775,886,777,885,679,957,678,塗
img_22198,946,1175,676,1146,683,1081,953,1109,小火鍋
img_22201,782,572,647,572,647,306,782,306,耋
img_22201,1005,517,878,522,870,311,996,306,鬣
img_22202,1085,240,881,245,879,164,1083,159,美村特賣
img_22203,394,717,266,712,277,429,404,434,公球
img_22205,293,560,178,609,164,576,279,527,(l0
img_22206,678,521,484,521,484,212,678,212,患
img_22206,686,733,486,725,495,520,695,529,排
img_22206,724,1223,347,1202,367,837,744,857,丘飯
img_22206,954,777,860,790,831,576,926,564,正忠
img_22216,1393,292,1334,330,1322,312,1382,274,1
img_22216,736,778,517,752,520,727,739,754,美
img_22218,229,961,129,961,129,830,229,830,臣
img_22218,824,1067,746,1072,733,886,811,880,益
img_22219,381,518,287,496,297,457,390,480,M
img_22226,754,107,689,107,689,1,754,1,仍
img_22227,415,707,135,611,164,527,444,623,VERYSPEEDY!
img_22228,824,716,601,721,598,592,821,588,708
img_22230,162,1649,115,1649,115,1499,162,1499,學號
img_22230,210,1073,130,1083,116,971,196,961,日
img_22230,792,1149,646,1187,626,1109,771,1071,學繡服
img_22233,871,701,530,701,530,655,871,655,5`CC95
img_22239,1083,782,189,778,190,736,1084,740,雅虜0931209609歡迎連鎖加盟請LINE我
img_22240,436,1053,353,1079,344,1049,426,1023,州
img_22252,261,451,206,451,206,387,261,387,燙
img_22254,98,817,21,819,19,729,96,727,嘉
img_22259,1122,906,1017,897,1021,854,1126,863,早午餐
img_22259,1215,828,1148,836,1118,585,1184,577,睪
img_22259,481,449,444,450,442,340,479,339,乘
img_22262,319,724,163,738,161,716,317,701,牆泥作隔間
img_22264,662,1135,597,1135,597,946,662,946,廉家
img_22265,756,720,654,720,654,530,756,530,暠
img_22267,605,1145,163,1189,143,986,585,943,火
img_22271,357,794,276,794,276,644,357,644,臻
img_22277,714,862,122,883,116,703,707,682,牙飄業物禮婚活氣典包策百彩山
img_22277,927,501,29,394,61,122,959,229,成大
img_22279,1365,844,427,844,427,694,1365,694,廣式烤鴨食堂
img_22288,628,555,569,544,573,524,632,535,KN
img_22290,1219,252,1127,252,1127,200,1219,200,項
img_22290,1914,474,157,477,156,432,1913,429,咽喉科:扁桃腺炎`食道異物(魚刺)聲帶結節口腔癌
img_22290,282,368,220,368,220,331,282,331,耳
img_22294,1376,764,889,771,886,600,1374,593,藥局
img_22297,1004,1180,181,1192,180,1139,1003,1128,飯
img_22300,263,1421,211,1421,211,1299,263,1299,生
img_22300,312,1229,212,1244,170,964,270,949,柬
img_22300,533,1504,487,1506,483,1398,530,1396,跌打
img_22306,641,1322,612,1322,612,1246,641,1246,內科
img_22307,1014,469,987,495,852,350,879,324,=
img_22312,1030,419,970,428,957,337,1016,328,康
img_22314,806,847,564,836,568,737,811,748,曾館
img_22318,256,709,118,702,122,617,261,623,佑佑
img_22319,213,723,64,684,87,595,237,634,"HEALT"""
img_22326,537,756,449,756,449,634,537,634,器
img_22326,545,453,454,453,454,318,545,318,牌
img_22326,575,503,442,556,418,495,551,442,砸
img_22327,827,288,501,278,504,190,829,201,roshNuwovs
img_22334,1005,1065,646,1069,645,1043,1004,1040,無畏時光的芙
img_22334,963,945,825,943,826,901,964,902,Saa
img_22336,262,733,44,743,41,661,258,651,JiaCII
img_22343,1209,702,657,693,658,654,1210,663,嬌媚台申純手工打造
img_22344,326,1422,224,1422,224,1258,326,1258,工
img_22345,288,750,36,639,54,598,306,710,刪
img_22345,529,712,93,460,151,361,586,613,1
img_22345,678,900,586,858,600,825,692,867,)
img_22352,703,796,503,863,480,794,680,727,叫
img_22356,766,1131,667,1131,667,1019,766,1019,飾
img_22360,1084,699,1025,702,1018,534,1078,532,%
img_22363,632,1064,386,1055,389,980,635,989,P
img_22366,264,680,105,669,112,575,270,587,禾]
img_22366,489,723,381,723,381,606,489,606,錶
img_22368,888,602,784,580,796,525,900,547,[iud
img_22369,585,1034,493,1034,493,796,585,796,證券
img_22371,264,698,214,709,210,692,260,681,5b
img_22379,655,1274,593,1268,597,1228,659,1234,開
img_22379,657,1233,599,1228,602,1193,660,1197,鴻
img_22379,664,1198,598,1188,604,1152,669,1162,勝
img_22379,968,629,876,608,889,552,980,572,元
img_22382,754,367,561,431,519,304,711,239,咸
img_22382,956,1592,642,1559,650,1485,964,1519,簾紙
img_22383,1305,1006,708,1005,709,974,1306,976,服務+#:0937-207797
img_22385,564,453,485,453,485,355,564,355,山
img_22385,591,407,405,294,434,247,620,360,西
img_22386,757,502,608,495,627,53,777,60,二音
img_22389,977,604,896,604,896,577,977,577,08
img_22392,265,1241,127,1237,132,1065,270,1069,烤
img_22392,259,1359,119,1327,143,1222,283,1255,咀
img_22394,524,309,490,309,490,261,524,261,日
img_22396,502,968,476,968,476,889,502,889,專
img_22397,165,1332,67,1332,67,1248,165,1248,雲
img_22397,176,1237,65,1237,65,1158,176,1158,阿
img_22398,777,1136,688,1169,676,1138,765,1104,恥
img_22399,770,845,667,752,1100,274,1203,367,囂
img_22403,876,518,786,570,770,543,861,491,聖娜
img_22404,1103,615,1043,615,1043,550,1103,550,新
img_22406,655,578,558,578,558,355,655,355,農
img_22406,658,433,563,433,563,351,658,351,阻
img_22410,757,1037,638,1046,637,1031,756,1022,|
img_22420,728,1885,364,1872,377,1506,741,1519,檳
img_22426,284,823,210,823,210,761,284,761,牌
img_22426,284,903,211,903,211,842,284,842,油
img_22426,288,744,209,744,209,685,288,685,虹
img_22426,88,677,58,677,58,658,88,658,1
img_22428,411,968,333,968,333,903,411,903,牌
img_22433,794,1079,632,1226,336,900,498,753,&
img_22435,991,965,951,965,951,946,991,946,止
img_22437,876,996,686,996,686,935,876,935,披薩
img_22438,1135,921,1105,921,1105,898,1135,898,與
img_22438,1707,839,1679,839,1679,818,1707,818,兒人
img_22438,958,204,471,137,481,64,968,132,oionno維也納
img_22444,148,548,76,551,68,355,140,352,盼
img_22447,896,628,868,628,868,606,896,606,助
img_22447,899,691,872,691,872,630,899,630,聽器
img_22448,581,806,269,695,301,606,612,716,凶另人的健出老人的長
img_22450,713,530,192,636,167,510,687,405,甫銀行
img_22452,506,689,384,729,369,685,492,645,腆眩
img_22452,987,1062,838,1065,829,679,978,676,診
img_22455,380,764,83,764,83,655,380,655,機廠
img_22457,510,995,305,995,305,901,510,901,鹿港美食
img_22457,514,451,370,449,374,178,517,180,傳統
img_22457,566,1190,292,1193,290,1091,564,1087,炸
img_22462,111,1078,42,1090,36,1056,106,1045,大鷸
img_22466,131,1009,108,1003,135,899,158,905,7
img_22468,857,966,725,966,725,902,857,902,粥3
img_22468,892,776,730,776,730,664,892,664,肚
img_22468,899,653,742,653,742,536,899,536,魚
img_22468,919,519,760,519,760,403,919,403,日
img_22470,82,1628,41,1624,46,1578,86,1582,鑑
img_22477,196,59,79,43,84,12,201,28,DESfN
img_22487,545,705,419,707,418,599,544,598,愛
img_22487,549,825,428,825,428,712,549,712,語
img_22487,570,980,429,980,429,866,570,866,美
img_22488,717,1167,21,938,91,726,787,955,几
img_22495,194,658,112,652,124,482,207,488,所
img_22495,898,882,830,882,830,795,898,795,考
img_22497,343,940,245,930,271,678,369,689,耋
img_22497,507,1004,446,943,797,586,859,647,鬘
img_22498,793,1076,693,1076,693,869,793,869,整復
img_22501,448,817,120,854,105,726,434,689,果茶
img_22501,538,810,441,812,439,749,536,747,上市
img_22501,562,728,461,745,453,702,555,685,新鮮
img_22502,492,562,450,562,450,499,492,499,驗
img_22506,1263,740,1229,740,1229,703,1263,703,勝
img_22508,110,1358,83,1358,83,1304,110,1304,三湯
img_22509,166,838,143,831,205,618,228,625,=
img_22509,435,683,416,679,436,582,454,586,走司奶莽
img_22513,596,1335,368,1333,371,955,599,957,清
img_22522,1189,353,1135,353,1135,276,1189,276,伊
img_22525,559,685,498,664,504,647,564,668,蛐
img_22531,905,170,567,182,565,122,903,110,金龍路
img_22532,1256,999,1022,981,1025,940,1259,958,鍋貼水皎專賣店
img_22534,1008,1380,17,1371,18,1325,1009,1333,方籤:醫療器材:健康食品:奶粉尿布.婦嬰用品嬰兒車床;美容保養品TE
img_22534,1014,1299,10,1299,10,1128,1014,1128,干百岳大燊
img_22538,764,1219,677,1223,667,1031,755,1027,燥飯
img_22539,674,755,327,755,327,664,674,664,無
img_22540,331,1056,92,1088,88,1057,327,1025,7
img_22544,730,281,649,281,649,224,730,224,獅
img_22544,735,511,651,511,651,443,735,443,藥
img_22548,621,1032,557,1032,557,941,621,941,藥
img_22548,788,468,726,488,718,461,780,441,牌
img_22548,839,686,744,715,733,682,829,653,宏
img_22548,905,739,859,750,856,739,902,728,6
img_22548,969,742,856,760,853,740,966,722,miKRoof
img_22554,1020,240,312,210,315,150,1023,180,3353331
img_22554,595,563,350,560,351,488,596,490,卜不db
img_22556,1091,604,899,652,883,588,1075,540,燙髮
img_22556,1348,431,903,486,891,389,1336,333,歡迎光臨
img_22558,627,446,475,459,472,420,624,407,=RangCIS
img_22559,626,461,430,462,429,358,625,356,火空
img_22559,645,852,423,852,423,729,645,729,>3
img_22560,782,718,468,624,514,471,828,565,晨銘
img_22561,1006,1005,942,1007,937,856,1002,854,台
img_22563,515,1301,380,1299,384,991,519,993,豆花
img_22566,812,1366,669,1366,669,1282,812,1282,高醫學院
img_22571,1330,676,339,689,338,652,1329,638,社二書雜誌漫畫理工叢書電腦叢書言普特考
img_22571,1343,773,335,788,334,749,1342,734,文具筆類綱禮品學生用品辦公用品流行百貨
img_22573,532,915,221,928,219,891,530,878,當歸鳴麵線.瀦腳麵線
img_22574,816,532,702,532,702,384,816,384,五
img_22575,1178,621,1104,629,1092,517,1166,509,耋
img_22575,434,459,384,460,382,333,433,332,臾
img_22576,391,1141,284,1141,284,998,391,998,醫
img_22576,401,1148,283,1146,288,818,407,820,牙醫
img_22580,1059,690,1006,697,1001,659,1054,652,北
img_22581,792,669,775,669,775,619,792,619,3;|:
img_22582,803,1265,506,1235,512,1173,809,1203,尚有座位
img_22583,578,1637,416,1582,444,1500,606,1554,?
img_22585,659,208,538,206,541,98,662,101,袖
img_22586,657,515,547,515,547,185,657,185,玉王堂
img_22588,845,447,225,395,240,220,860,272,董檳榔
img_22590,680,751,608,742,614,700,685,709,吐
img_22592,928,633,681,621,690,423,938,435,皇
img_22593,621,284,503,333,470,253,589,205,博
img_22595,1011,919,853,919,853,840,1011,840,C茶
img_22595,344,983,51,987,50,962,343,959,炎皮燄
img_22598,917,1181,127,1081,133,1037,923,1138,臥
img_22604,449,1304,401,1304,401,1199,449,1199,顧
img_22607,399,694,322,686,325,664,401,672,68888
img_22607,410,669,337,669,337,657,410,657,L:7:1
img_22607,420,659,337,650,339,629,422,637,0o%
img_22607,724,734,616,742,605,583,713,576,歌欠
img_22610,305,368,119,296,145,230,331,302,HEALT
img_22610,381,1089,207,1087,210,885,384,887,所
img_22612,947,1293,426,1299,425,1274,946,1269,中又理
img_22614,1016,967,84,967,84,885,1016,885,當日新鮮現做現烤必歡
img_22614,1305,1015,126,1024,125,870,1304,860,當日新鮮現做現烤01
img_22614,483,193,404,209,392,149,471,134,美
img_22614,775,278,283,406,269,354,761,225,馴0
img_22615,275,1115,175,1115,175,852,275,852,螽
img_22615,276,825,195,820,201,734,281,739,羿
img_22618,265,830,181,830,181,582,265,582,墨
img_22619,797,1093,666,1156,519,851,649,788,=
img_22620,741,611,609,617,606,552,738,547,C
img_22620,913,1130,804,1130,804,1031,913,1031,后
img_22622,323,971,240,971,240,943,323,943,Eiscuo
img_22626,579,422,455,408,466,308,590,322,璿
img_22626,581,566,441,542,460,431,601,455,禕
img_22627,921,411,832,360,843,339,933,391,Ladi
img_22633,1149,501,990,533,981,492,1141,460,餓7
img_22633,1332,429,842,530,820,427,1311,326,0;
img_22635,432,854,339,854,339,823,432,823,{=
img_22637,422,721,132,871,103,816,393,666,咖
img_22637,783,938,120,980,115,892,778,851,###
img_22639,678,823,187,829,186,759,677,752,山口中華路二段
img_22640,720,355,578,359,577,316,719,312,KangCie
img_22644,1217,535,1153,499,1261,307,1325,342,鑾
img_22644,804,961,649,986,644,956,799,930,眉
img_22646,235,325,136,322,145,14,244,17,皇
img_22647,609,999,573,999,573,943,609,943,麵
img_22650,623,906,592,906,592,887,623,887,1
img_22653,100,948,37,941,41,912,103,919,21
img_22655,855,1201,442,1201,442,1148,855,1148,(
img_22662,294,827,145,785,236,463,385,505,阡翔
img_22663,1158,820,221,843,218,748,1156,725,簡餐下午茶2
img_22665,1020,691,851,667,865,572,1033,596,39
img_22666,1142,44,1131,34,1162,2,1173,12,1
img_22674,857,1303,583,1297,585,1242,859,1249,粉匣
img_22675,564,1244,251,1244,251,1007,564,1007,涮
img_22675,565,976,261,976,261,754,565,754,涮
img_22676,265,890,87,859,102,771,281,801,土房買租地屋賣賃
img_22678,765,794,260,790,261,765,766,769,謀茉輔導班國小數學班全美ESL班作文班
img_22680,616,384,412,384,412,222,616,222,東
img_22682,502,1279,421,1204,669,938,750,1014,=
img_22683,745,632,666,632,666,534,745,534,舟
img_22685,1265,907,1238,907,1238,858,1265,858,肉
img_22686,1355,599,1337,603,1321,536,1339,532,明髻
img_22698,326,649,241,639,260,472,345,482,福
img_22700,217,877,188,877,188,850,217,850,腳
img_22702,880,827,844,841,837,824,873,809,王
img_22703,1620,769,850,767,851,651,1621,652,骨`骨骨骨骨骨湯湯湯湯湯湯麵飯魯菜絲
img_22709,698,1038,601,1038,601,948,698,948,馬
img_22718,538,600,439,600,439,406,538,406,耗
img_22719,1264,317,188,290,192,123,1268,150,53;33雞鴨鴨雞鴨鴨自味賣
img_22720,1232,744,389,467,470,220,1313,497,翠玉珠竇
img_22722,702,652,647,653,645,536,700,535,畢
img_22730,100,331,52,332,50,231,98,230,夾碩
img_22731,617,860,419,844,423,795,621,811,CREATEVALUE
img_22736,267,1674,131,1674,131,1372,267,1372,燙
img_22736,540,471,393,478,389,378,536,372,記
img_22736,631,772,478,781,470,654,623,645,酥
img_22740,823,1139,698,1139,698,942,823,942,D
img_22741,828,710,735,710,735,533,828,533,示+
img_22741,820,546,718,510,738,454,840,490,巢圭
img_22745,822,575,795,587,753,492,780,480,羹
img_22747,510,1094,438,1082,442,1059,514,1071,1
img_22752,721,170,545,200,531,116,706,86,三
img_22752,741,587,558,599,545,388,728,377,龍
img_22753,126,854,23,854,23,728,126,728,藥
img_22753,136,447,37,447,37,320,136,320,福
img_22753,362,576,228,576,228,420,362,420,福
img_22756,595,470,512,444,540,353,624,379,配
img_22758,129,728,44,728,44,647,129,647,責
img_22769,236,675,150,664,165,548,251,559,?
img_22769,613,346,481,316,515,162,648,191,坌
img_22770,458,991,215,991,215,941,458,941,某皿地
img_22771,154,1300,21,1317,18,1292,151,1275,1
img_22771,301,889,246,889,246,809,301,809,磁
img_22773,403,971,68,1004,61,929,395,895,&墅3妤結好梟
img_22776,305,1592,269,1592,269,1555,305,1555,時
img_22776,315,1467,273,1462,287,1336,329,1340,101520
img_22776,648,608,625,608,625,575,648,575,3
img_22782,391,1065,215,1065,215,971,391,971,芋汞
img_22783,1062,594,506,588,507,548,1063,554,060d6胖胖杯
img_22786,176,1252,143,1249,150,1173,183,1176,娃
img_22787,445,1054,412,1049,422,975,456,979,美語
img_22787,887,553,790,516,812,460,908,496,龍
img_22787,920,793,838,799,826,642,908,636,擊
img_22793,726,485,522,490,518,346,722,340,健
img_22797,338,817,284,808,308,648,362,656,鬃
img_22798,592,1130,509,1135,507,1094,589,1090,品床
img_22799,1118,567,1071,567,1071,456,1118,456,枝
img_22799,1269,793,1003,793,1003,661,1269,661,魷魚羹專賣店
img_22799,52,612,12,610,17,495,57,497,綜
img_22799,899,554,856,554,856,469,899,469,0
img_22800,631,1327,560,1327,560,1249,631,1249,錶
img_22801,419,1260,207,1241,216,1143,428,1162,f琉
img_22802,428,803,138,815,134,707,424,696,@0204.26631488
img_22802,733,835,687,835,687,720,733,720,覓
img_22804,1668,797,878,645,939,327,1729,480,11^}1611
img_22807,375,896,232,896,232,760,375,760,美
img_22809,1258,878,588,878,588,727,1258,727,面麵麵麵麵餒圓麥
img_22809,251,825,200,825,200,727,251,727,炒
img_22810,223,1265,92,1265,92,957,223,957,杰
img_22811,342,764,158,763,159,667,343,669,口HEALTH
img_22813,1276,524,177,632,172,581,1271,473,品褲材盒品組著座車具車
img_22813,519,526,258,537,256,498,518,487,4尿
img_22813,756,473,270,580,256,514,742,408,尿|療月嬰兌楨
img_22813,804,417,192,492,187,452,799,377,各|營|紙|醫|彌|婦|嬰|婁
img_22816,1366,971,860,971,860,943,1366,943,瓦安口市1二
img_22816,1421,295,1270,303,1267,244,1418,236,出售
img_22827,323,921,42,914,44,822,325,829,TANGSH
img_22832,555,311,507,304,518,226,566,233,毒
img_22833,1024,2374,510,2613,443,2469,957,2230,川
img_22834,394,557,318,552,320,529,396,534,17{[3
img_22835,753,922,373,936,370,870,750,856,非律賓`令
img_22844,477,944,350,944,350,902,477,902,3T
img_22847,430,570,413,584,348,502,365,489,二=
img_22850,1261,299,1072,280,1081,189,1270,209,ho`
img_22850,823,624,801,626,794,557,815,555,100
img_22852,390,1146,333,1140,354,965,411,972,尚名品
img_22852,589,1636,569,1616,684,1497,704,1517,薹
img_22852,908,725,801,708,812,632,920,649,際
img_22852,926,839,813,808,835,730,947,761,精
img_22852,958,946,866,946,866,850,958,850,品
img_22857,838,558,765,565,755,446,828,439,串
img_22860,429,978,269,956,302,723,462,745,萃
img_22860,537,1813,104,1824,98,1617,532,1606,'鮮價
img_22860,550,739,262,739,262,460,550,460,式原
img_22864,802,922,633,922,633,813,802,813,戶
img_22866,870,564,791,515,1046,98,1125,146,薹
img_22866,215,552,30,540,33,499,218,511,診所
img_22866,679,847,615,808,828,462,892,502,薹
img_22868,436,432,352,403,372,347,455,376,機
img_22874,146,1209,3,1172,31,1065,174,1103,叩
img_22874,237,581,99,510,153,406,290,477,鑽
img_22876,697,395,632,395,632,274,697,274,豐
img_22878,752,856,704,854,705,834,753,836,11l15
img_22878,853,923,706,902,709,882,856,902,仙
img_22879,515,1145,403,1151,394,977,507,972,良
img_22882,1807,916,0,954,0,895,1806,857,孕婦寫真全冢福
img_22885,457,1113,444,1114,441,1072,454,1071,屯
img_22885,443,1145,308,1118,323,1043,458,1070,入味
img_22888,606,1564,491,1567,484,1210,599,1208,信房屋
img_22889,652,1118,589,1118,589,996,652,996,2
img_22894,397,663,86,663,86,469,397,469,村寓
img_22895,1495,762,1453,770,1410,542,1452,534,###
img_22896,1221,950,1193,959,1175,904,1202,895,館
img_22898,702,469,669,469,669,385,702,385,{
img_22900,281,614,235,614,235,579,281,579,成
img_22901,650,721,418,721,418,581,650,581,輕禿隔
img_22902,192,1060,118,1059,121,896,195,897,堤
img_22902,467,1017,337,1017,337,706,467,706,3
img_22903,637,545,471,549,465,251,631,247,義大
img_22906,266,845,165,847,164,773,264,771,奘
img_22913,573,792,482,811,431,568,522,549,鍋局
img_22914,580,594,411,594,411,269,580,269,睾
img_22917,278,289,96,148,129,106,311,247,)
img_22921,500,536,392,536,392,526,500,526,11
img_22922,348,890,242,886,244,834,350,839,0
img_22924,290,129,242,121,250,79,298,87,們
img_22924,638,738,373,841,355,794,620,692,i
img_22924,635,1005,509,1005,509,992,635,992,03:325-5868
img_22924,96,514,39,513,40,387,98,388,林
img_22932,482,1189,231,1189,231,1173,482,1173,07-5250100
img_22932,512,1154,227,1159,226,1143,511,1139,9:00(3;30
img_22933,1177,858,1036,845,1040,801,1181,814,"享12"""
img_22933,1254,836,1185,826,1187,813,1256,823,L
img_22933,1243,307,1214,283,1320,156,1349,180,1忸<
img_22933,925,986,499,953,513,773,939,805,大G
img_22935,408,1323,381,1323,381,1297,408,1297,和
img_22937,881,1012,92,1012,92,827,881,827,全日最高90元20元H請得取發票對獎
img_22938,315,1249,269,1228,286,1193,331,1214,川
img_22938,407,843,348,827,416,578,475,594,薹
img_22939,361,744,310,746,308,682,359,681,野生
img_22943,245,626,57,685,38,626,227,567,fornin0?
img_22946,874,462,703,462,703,54,874,54,暠
img_22948,744,1117,663,1135,657,1107,738,1089,機
img_22951,691,444,596,429,642,146,738,161,差
img_22953,681,982,555,982,555,920,681,920,健康有機平價無毒
img_22954,663,553,497,507,502,487,669,533,{
img_22954,674,328,451,207,474,165,697,286,微信35
img_22954,697,377,475,279,496,231,719,329,1酉
img_22959,1318,916,1118,962,1104,900,1304,854,日
img_22962,479,441,260,416,265,376,484,401,買賣
img_22963,1130,895,158,892,159,858,1131,861,豆沙牛乳8花生生乳%
img_22964,324,807,186,807,186,662,324,662,燒
img_22976,598,642,513,642,513,389,598,389,茉
img_22977,754,719,387,809,368,734,735,643,"出""岫"
img_22978,703,787,597,761,645,566,751,592,倉
img_22985,923,943,860,944,858,828,921,827,濟
img_22988,845,739,825,739,825,675,845,675,保呤
img_23003,1378,797,612,764,614,711,1380,744,[
img_23003,1398,853,631,811,634,755,1401,797,##1[[;037-327491
img_23004,486,943,373,983,349,914,462,874,印
img_23004,463,1726,352,1726,352,1502,463,1502,出冷
img_23004,601,1261,323,1119,635,506,914,648,^).賈
img_23005,1207,811,924,824,922,767,1204,754,年月日
img_23006,1293,895,692,948,684,853,1284,799,兒音電
img_23009,279,506,35,506,35,412,279,412,令539
img_23015,201,511,171,511,171,426,201,426,總匱
img_23027,937,455,580,411,609,174,966,217,03-8228289
img_23029,598,880,246,880,246,601,598,601,媽
img_23029,615,1175,245,1175,245,875,615,875,媽
img_23033,383,1103,337,1103,337,993,383,993,習場
img_23033,442,917,342,917,342,873,442,873,定隊
img_23036,133,1048,84,1042,109,852,157,859,薹
img_23037,465,645,368,611,387,555,485,590,州
img_23038,956,1036,63,1036,63,847,956,847,明
img_23044,213,938,126,933,140,685,226,690,非
img_23046,434,138,343,108,348,92,440,122,Willllam
img_23048,803,1228,742,1241,722,1148,783,1135,習
img_23049,1195,713,1148,720,1129,601,1177,594,里仁
img_23060,353,814,227,814,227,701,353,701,淮套店
img_23065,457,1257,230,1243,232,1220,458,1234,011
img_23067,580,949,333,971,325,879,572,858,小逾市
img_23068,535,588,422,588,422,465,535,465,茶
img_23069,359,1041,86,1037,89,855,362,860,內
img_23070,523,1027,472,1024,473,1010,524,1014,工IT
img_23072,1181,616,383,581,388,455,1186,490,山姆通運股份有限公同
img_23073,213,843,129,843,129,763,213,763,祥
img_23074,227,1091,202,1070,348,899,373,920,薹
img_23077,923,508,825,498,829,466,926,476,buffeGemi
img_23080,836,878,537,964,507,860,806,773,思茶
img_23081,428,1059,26,1051,27,1029,429,1037,足部
img_23083,585,567,472,567,472,411,585,411,誠
img_23084,537,536,453,541,443,342,526,338,灣銀
img_23090,737,1382,289,1349,300,1203,748,1237,粥
img_23096,1626,376,253,376,253,348,1626,348,94%小'兕科
img_23097,687,1292,592,1276,596,1253,691,1270,C
img_23099,1269,799,1248,799,1248,781,1269,781,3
img_23103,534,1017,341,967,349,939,541,989,4^
img_23106,1220,968,1178,968,1178,952,1220,952,31+
img_23110,174,647,43,647,43,527,174,527,0
img_23111,208,682,160,672,170,625,218,634,巧
img_23111,968,877,877,964,674,753,765,666,6>
img_23114,588,676,174,710,163,577,577,543,抓粥
img_23116,952,722,153,724,152,682,951,681,總體維
img_23116,962,599,171,606,170,560,961,553,雨水下水道建設適用安全美學
img_23117,1011,574,641,803,583,710,953,481,庭槊活砂興
img_23124,959,354,324,690,264,577,899,241,岫里
img_23132,945,354,877,354,877,236,945,236,卯
img_23134,1106,748,1064,753,1049,628,1090,623,東京
img_23134,736,759,708,759,708,707,736,707,椎
img_23141,239,689,159,672,167,636,247,654,坪起
img_23141,406,544,238,502,260,417,427,459,璽
img_23144,324,357,231,357,231,257,324,257,伊
img_23146,1231,941,877,941,877,919,1231,919,購兩份12吋披薩贈大份烤雞翅瞎完為止
img_23148,660,722,272,720,273,678,661,680,75
img_23148,661,746,273,746,273,703,661,703,55
img_23148,705,671,288,653,289,630,706,647,75
img_23151,556,431,468,401,553,150,642,180,爹爹
img_23153,1442,461,476,727,441,598,1406,332,入類金
img_23154,662,716,509,713,513,416,667,419,攣
img_23158,148,1066,59,1061,74,807,163,812,益當
img_23159,119,1019,93,1013,113,930,140,936,器
img_23159,256,615,112,564,151,454,295,505,訊
img_23162,588,656,517,659,515,621,586,618,@心
img_23165,881,784,836,788,825,665,870,661,鑷
img_23167,552,719,419,719,419,694,552,694,=
img_23169,1507,936,1406,934,1407,840,1509,841,福
img_23172,721,563,272,556,279,82,727,88,00
img_23175,666,335,534,335,534,6,666,6,聰
img_23175,721,710,534,710,534,413,721,413,掏耳
img_23178,830,864,781,862,782,845,831,846,師
img_23180,854,1363,492,1363,492,1256,854,1256,嚴選食材限量雁
img_23182,664,1402,559,1402,559,1389,664,1389,11
img_23183,1436,703,681,1025,614,868,1369,546,鉑貨
img_23186,1042,804,1018,798,1036,731,1060,738,囂
img_23186,1113,802,1086,796,1111,696,1138,703,囂
img_23186,1180,794,1022,801,1017,700,1175,693,文週邊品貨聶
img_23187,155,326,105,309,179,94,228,111,8
img_23193,1335,579,1205,580,1204,512,1334,510,口
img_23201,1163,625,1119,625,1119,594,1163,594,班
img_23209,461,1056,323,1050,327,953,465,959,^
img_23209,803,1287,668,1287,668,1185,803,1185,王3
img_23210,764,1163,693,1163,693,1137,764,1137,蘇菲
img_23211,489,440,271,331,291,289,510,398,驗中
img_23217,204,1300,148,1300,148,1224,204,1224,壢
img_23222,1446,686,1380,689,1378,627,1444,625,樂
img_23222,1510,442,1480,443,1479,387,1508,386,完膳
img_23222,1752,469,1675,506,1661,478,1739,440,岫肺
img_23222,403,1026,319,1022,328,812,412,816,平
img_23222,589,1016,502,1016,502,940,589,940,鐵
img_23222,856,1016,777,1016,777,938,856,938,燒
img_23223,206,889,109,889,109,809,206,809,弘
img_23223,557,1211,389,1116,425,1051,593,1145,山
img_23225,815,1221,737,1284,581,1091,660,1028,&>
img_23228,841,1172,807,1174,799,1062,833,1059,通
img_23233,1016,412,130,412,130,377,1016,377,VCORL美式維多利五喜餅Sinee2o05
img_23244,943,1008,900,1008,900,959,943,959,回
img_23251,623,363,543,363,543,294,623,294,勝
img_23252,532,1299,281,1299,281,946,532,946,瓜
img_23252,618,565,302,553,313,289,628,301,果汁
img_23252,647,931,281,931,281,695,647,695,檸桂珍-圓珠
img_23254,602,371,550,379,544,347,597,338,台糖
img_23255,384,933,225,894,243,825,401,864,金
img_23255,387,1027,210,971,235,892,413,948,瑞
img_23258,374,893,196,893,196,828,374,828,戰
img_23259,1317,629,1239,628,1241,444,1319,445,樂蓑
img_23259,1636,710,845,695,852,335,1643,350,非山杏南基三3仁惹1
img_23259,611,405,352,384,359,291,618,312,恐兮天
img_23259,783,689,521,687,522,590,784,592,2
img_23260,661,507,49,497,50,475,662,485,01-1{1[0|1
img_23261,637,925,555,925,555,854,637,854,麥
img_23261,833,394,597,394,597,73,833,73,柔
img_23266,515,696,419,695,421,432,517,433,汽直
img_23270,299,1271,211,1271,211,1192,299,1192,線
img_23270,870,1704,521,1744,504,1598,854,1558,中正店
img_23271,430,473,240,607,164,499,354,365,貊
img_23272,538,1036,452,1036,452,769,538,769,以.
img_23273,1777,862,97,907,93,762,1773,717,小餛飩
img_23275,903,805,367,828,366,800,902,777,精精餛貢燙
img_23277,1066,988,1037,994,1020,911,1048,905,堡餅
img_23277,1235,638,1205,638,1205,607,1235,607,刻
img_23277,1399,942,1321,942,1321,913,1399,913,咖啡
img_23278,571,500,491,523,474,463,554,440,潤
img_23278,858,530,787,554,780,533,851,508,(
img_23278,916,1001,818,1013,795,820,893,808,眼鏡
img_23281,631,989,426,991,425,871,630,869,山出
img_23282,573,838,80,848,79,822,572,812,名片!喜帖彩色海報產品型錄網頁設計
img_23283,1355,605,760,815,696,635,1291,425,粹飲
img_23283,279,960,209,979,204,961,274,942,'
img_23284,231,1212,189,1244,82,1104,124,1072,爹
img_23284,267,1058,124,1037,134,967,277,988,0
img_23284,341,567,124,615,99,503,316,455,NoRNIwe>8
img_23287,827,879,544,876,546,571,830,574,茶茶苯
img_23290,771,743,692,743,692,566,771,566,管理
img_23292,953,780,130,754,131,709,955,734,aliDistrictCf
img_23294,240,935,92,935,92,636,240,636,良牙
img_23296,241,895,166,889,184,647,259,652,洗
img_23303,819,397,757,399,753,254,814,252,妥
img_23303,877,219,816,219,816,179,877,179,E
img_23308,838,256,426,153,459,23,870,126,豔
img_23318,199,647,93,647,93,544,199,544,維
img_23319,229,970,153,970,153,798,229,798,安
img_23319,298,782,202,786,201,761,297,757,0~4
img_23319,319,958,244,958,244,859,319,859,喜
img_23320,184,598,84,598,84,525,184,525,3
img_23320,951,868,805,868,805,818,951,818,數學
img_23321,344,869,208,885,199,809,335,793,WsURAFe
img_23323,104,1185,57,1183,59,1127,106,1128,大
img_23323,106,1187,81,1185,86,1114,110,1116,奚
img_23323,115,1014,73,1011,82,897,124,900,霽
img_23323,82,1181,59,1181,59,1148,82,1148,所
img_23323,836,1346,164,1346,164,1327,836,1327,奶扮尿布
img_23327,554,1092,444,1092,444,1004,554,1004,路
img_23327,554,624,442,614,444,597,556,607,{)
img_23330,1295,635,1202,658,1104,271,1196,247,耋
img_23334,1247,812,1173,812,1173,653,1247,653,易
img_23336,808,976,385,914,430,604,853,665,素食興劣
img_23337,615,847,483,851,475,598,608,594,貢族
img_23337,692,1145,366,1109,380,980,706,1017,瓮
img_23343,525,478,376,450,387,392,536,420,工蓄奶紅油豆
img_23345,1128,228,1039,233,1026,13,1115,8,婁
img_23345,613,869,564,864,581,688,630,693,鑫
img_23348,102,1545,0,1540,5,1435,108,1440,榔
img_23355,792,710,633,712,630,482,790,480,昌
img_23355,801,1048,629,1048,629,780,801,780,量
img_23356,1490,261,1422,262,1420,54,1489,53,冷氣
img_23357,831,1268,706,1268,706,1161,831,1161,榕
img_23357,828,1066,708,1049,718,977,838,993,妮
img_23360,1251,380,95,405,94,363,1250,338,耳鳴眩暈頭頸部腫瘤~打勛及睡眠呼吸中止`鼻咽及喉纖維內視鏡檢查
img_23360,1263,330,32,356,31,314,1262,288,小兒成人感冒中耳炎中耳積水鼻竇炎過敏性鼻炎聲音沙啞急慢性咽喉
img_23365,502,1074,161,1074,161,711,502,711,地
img_23366,126,1051,28,1052,27,869,124,868,精
img_23368,633,821,611,821,611,799,633,799,托
img_23369,579,786,456,783,465,427,588,430,耋
img_23375,164,1245,94,1278,77,1239,146,1207,黜:
img_23377,566,815,301,815,301,465,566,465,築耄間福
img_23381,289,899,195,893,206,698,301,704,蘿
img_23381,759,282,524,259,531,185,767,209,羨式炸雞
img_23382,285,1202,159,1154,179,1102,305,1150,3
img_23382,790,1005,720,1014,708,920,778,911,清
img_23386,392,1147,323,1147,323,1139,392,1139,I+
img_23386,587,1278,308,1228,317,1180,596,1230,lerlillizedandprunedIcutsoastokee
img_23386,587,1274,286,1134,322,1057,623,1198,"尸0""`a0beal$00maintai常施予灑水`施nfacilies.wateredIpalntin"
img_23386,617,1127,304,1081,311,1033,624,1079,有設備應
img_23388,1194,943,1143,945,1141,895,1193,893,樂
img_23390,782,1168,743,1166,748,1043,787,1045,笑顏
img_23393,539,195,438,200,435,143,536,138,刁{
img_23393,543,510,419,515,415,415,539,410,修
img_23393,544,413,422,419,418,340,541,334,;:
img_23393,576,1097,460,1097,460,1002,576,1002,72
img_23403,870,319,604,275,614,215,880,259,二大顯智慧
img_23404,1310,971,1228,982,1204,807,1287,796,專賣
img_23404,335,924,19,961,12,896,327,860,巴黎概念髮館
img_23406,784,1064,373,1038,382,899,793,925,堤堤
img_23407,534,990,442,990,442,977,534,977,11
img_23408,748,782,575,799,564,682,737,665,特
img_23413,447,953,321,890,332,867,458,930,川)
img_23420,310,1501,18,1252,84,1174,376,1423,)
img_23420,660,308,464,382,422,270,618,197,邁
img_23420,664,438,461,519,418,411,622,331,運
img_23421,776,942,689,942,689,856,776,856,蓄
img_23424,843,1025,764,1027,760,852,840,850,p
img_23426,870,937,811,937,811,906,870,906,二
img_23429,433,1017,407,1014,416,919,442,922,鑫
img_23429,492,983,465,983,465,953,492,953,排
img_23429,928,975,444,1015,438,941,922,901,1骨
img_23441,1003,966,420,979,419,956,1002,943,果汁無限量供應
img_23442,709,764,39,764,39,724,709,724,北監胄鐵節冷房防衛房水油壁換
img_23442,744,864,42,867,41,833,743,830,充統板建劃調診漏新建修刷理銷洗
img_23442,864,832,27,832,27,797,864,797,派
img_23444,379,967,281,960,297,731,395,738,精
img_23448,782,858,729,858,729,811,782,811,新
img_23449,531,1675,376,1676,374,1352,530,1351,商店
img_23452,346,1531,118,1525,124,1283,352,1289,所
img_23454,870,640,14,614,16,567,872,593,數學|英文|自然國文英檢國中全科班
img_23455,269,812,243,806,271,698,297,705,蒙
img_23456,895,1301,863,1302,860,1225,892,1224,玉茶
img_23456,896,922,869,924,866,869,894,868,王
img_23457,1344,755,1027,755,1027,709,1344,709,看果
img_23459,613,745,497,752,483,509,599,502,德
img_23460,1893,972,1559,972,1559,948,1893,948,###
img_23462,253,1513,163,1514,161,1260,251,1259,蠆
img_23462,479,1106,292,1106,292,918,479,918,賣
img_23462,621,1512,539,1512,539,1342,621,1342,毘機
img_23465,53,639,2,639,2,611,53,611,0叡
img_23465,61,546,0,546,0,518,61,518,0萱
img_23465,656,725,562,696,569,674,663,703,(
img_23470,1027,251,255,489,188,273,961,35,斗
img_23472,523,447,438,444,441,351,526,354,穀
img_23472,894,515,855,515,855,453,894,453,咖
img_23473,115,1130,25,1128,28,920,118,922,一八寶
img_23476,534,805,225,802,226,732,535,734,香柵谷
img_23476,903,881,74,799,84,705,912,787,[FOTFT
img_23482,254,536,180,536,180,338,254,338,大
img_23484,155,1528,104,1523,115,1391,167,1396,胃
img_23484,699,944,525,944,525,780,699,780,所
img_23484,704,566,545,566,545,415,704,415,福
img_23484,777,211,554,210,555,113,778,115,口HEALT
img_23486,854,1604,825,1606,818,1536,846,1533,名
img_23486,934,1590,908,1593,901,1518,927,1516,台
img_23487,400,1045,234,1034,244,884,410,895,磚
img_23487,395,751,229,722,249,606,415,635,睪
img_23487,398,894,229,869,249,741,417,766,磁
img_23488,1447,286,1367,294,1353,147,1433,139,昆
img_23490,144,1106,94,1095,135,907,184,917,孟
img_23490,374,1135,239,1199,215,1146,349,1083,濉
img_23491,507,642,138,630,139,602,508,613,哇式飯式飯陸命燉飯茄茄香絲蛺陸包
img_23491,516,679,146,679,146,645,516,645,冬茄
img_23491,582,612,136,601,137,573,583,584,海韓韓海清蕃蕃塔雞海蛋乾海^=
img_23491,971,684,952,684,952,662,971,662,茄
img_23492,345,860,246,861,244,662,344,661,並
img_23495,327,408,211,478,192,447,308,378,炖}
img_23499,452,735,266,735,266,523,452,523,需
img_23502,822,994,418,994,418,976,822,976,全省連鎖第303家沙鹿店
img_23503,1147,895,123,888,124,748,1148,755,十十十十十十+十+
img_23503,217,750,181,750,181,711,217,711,9
img_23504,623,510,138,510,138,156,623,156,丕
img_23507,1042,217,578,221,577,173,1041,170,LenilafalnsSpecialIZoneNO:o1長拳建設
img_23516,554,1507,439,1496,454,1330,569,1340,矣
img_23520,244,386,212,386,212,291,244,291,母
img_23522,481,994,22,994,22,955,481,955,斬辦.結約.移轉
img_23523,637,701,489,698,496,417,644,420,德寶
img_23525,477,766,387,766,387,679,477,679,翡
img_23525,684,618,586,618,586,444,684,444,全
img_23531,1077,297,1050,302,1032,216,1059,210,革1
img_23532,507,470,475,470,475,392,507,392,急診
img_23536,564,267,434,267,434,244,564,244,1[1
img_23537,943,534,532,517,534,468,945,485,基督教申華聖
img_23539,312,1204,194,1202,200,929,318,932,洗
img_23539,320,923,213,923,213,794,320,794,乾
img_23539,324,793,216,793,216,546,324,546,芳新
img_23544,335,424,189,421,190,364,336,367,Truunuo{
img_23546,521,859,407,859,407,784,521,784,路
img_23546,522,722,409,720,412,461,525,463,鬟
img_23546,549,1212,399,1210,401,1046,550,1048,繼
img_23549,931,638,623,572,647,457,956,524,兔
img_23555,935,601,334,596,335,564,936,569,火鍋;莪大利麵.燉飯%媧飯
img_23557,629,1233,502,1236,496,936,624,934,涮涮
img_23558,136,1017,73,1002,84,954,147,969,新
img_23559,1442,350,1367,361,1356,282,1430,271,和
img_23563,808,1352,376,1362,372,1180,804,1170,像位
img_23565,852,589,748,605,738,536,842,521,錦
img_23570,855,489,727,466,730,447,858,470,W08
img_23570,854,553,721,535,730,471,862,490,工廠
img_23572,797,936,769,936,769,864,797,864,宏企
img_23573,523,851,423,851,423,767,523,767,除
img_23573,530,668,437,668,437,586,530,586,養
img_23574,1282,647,1232,647,1232,636,1282,636,3
img_23574,1387,351,1359,339,1403,242,1431,255,+
img_23574,816,641,508,662,504,604,812,583,MD麥味登
img_23575,782,1476,755,1476,755,1399,782,1399,遠傳
img_23575,835,1474,808,1475,806,1397,832,1396,遠傳
img_23578,912,685,707,574,765,467,970,578,刈
img_23580,720,756,61,730,66,595,725,620,La1l8
img_23581,593,750,506,751,505,619,591,618,嶄
img_23583,710,888,283,891,282,833,709,829,局部舒壓全身指壓
img_23590,350,1099,122,1159,97,1064,326,1005,民權
img_23590,997,402,357,614,344,574,984,362,0
img_23596,819,934,596,934,596,879,819,879,旅樂序
img_23599,213,859,148,820,184,761,248,799,明
img_23600,1153,415,521,509,513,458,1146,364,ClearSeeComfortCoeSeetheFufur
img_23600,820,922,596,942,593,905,817,885,大學
img_23601,377,1032,214,1032,214,883,377,883,炒
img_23602,1350,554,1286,554,1286,467,1350,467,售
img_23609,552,337,479,376,449,322,523,282,勁
img_23609,594,743,523,752,492,521,563,512,製衣
img_23610,1158,824,573,824,573,684,1158,684,IAPT佳瑪IUSTYoURMART
img_23613,788,680,743,680,743,588,788,588,塑膠
img_23622,1261,927,1151,918,1155,875,1265,883,信用部
img_23624,226,689,197,689,197,631,226,631,般內
img_23624,241,1223,185,1223,185,1188,241,1188,山
img_23624,279,519,201,519,201,316,279,316,妥診
img_23625,1474,879,892,879,892,823,1474,823,音圖
img_23625,91,909,22,909,22,877,91,877,大卅企
img_23628,852,968,760,968,760,821,852,821,合
img_23635,877,506,498,506,498,396,877,396,館
img_23637,463,925,7,930,6,878,462,873,"外來車輛請勿久停""謝謝合作"
img_23639,1084,450,114,183,144,75,1114,341,2750.6631
img_23640,997,771,957,770,959,653,999,654,製紅
img_23641,317,544,204,544,204,278,317,278,宏展
img_23648,1219,525,1078,546,1048,351,1188,329,農
img_23651,208,1112,154,1111,156,966,211,967,糧
img_23659,622,523,470,528,460,256,613,251,蠆
img_23660,488,737,406,737,406,569,488,569,犁茶
img_23660,489,607,411,607,411,570,489,570,斤|
img_23671,571,530,322,530,322,359,571,359,老Q闆Q惜的
img_23673,319,1650,111,1648,112,1434,321,1435,匙
img_23673,315,1393,95,1377,112,1138,332,1154,臨
img_23675,240,644,100,628,110,543,249,559,==
img_23676,1020,1277,4,1266,5,1213,1021,1224,幾食材健康蔬食手作素食營養保健魚菜共生深層海藻
img_23676,924,1047,815,1047,815,997,924,997,SeighiKuowi.
img_23680,192,1490,81,1494,72,1252,183,1248,美語
img_23686,1012,1131,649,1149,641,971,1003,953,[
img_23696,800,1021,549,1012,552,952,802,962,皓牙鑒|診|所
img_23696,984,1017,893,1017,893,1005,984,1005,巨
img_23697,266,724,163,706,177,626,280,645,曜
img_23698,370,826,282,826,282,744,370,744,桀
img_23698,744,444,474,434,481,251,751,261,紅
img_23698,754,280,509,262,520,105,765,123,長
img_23699,459,333,293,206,310,184,476,311,皿
img_23705,460,665,364,666,362,387,458,386,生
img_23706,834,298,780,298,780,242,834,242,緻
img_23710,545,723,112,681,117,633,550,675,HunHI
img_23711,438,1814,338,1808,344,1704,445,1710,出
img_23711,856,879,615,879,615,448,856,448,矣
img_23712,836,341,255,282,284,0,865,59,豆
img_23715,929,966,873,966,873,887,929,887,醫
img_23716,893,790,811,795,803,650,884,645,新
img_23717,645,1110,575,1110,575,925,645,925,醫
img_23719,190,641,88,631,93,577,195,587,瓜
img_23719,203,1541,45,1532,67,1149,225,1158,口
img_23719,748,1133,533,1133,533,673,748,673,糸
img_23728,93,1262,13,1262,13,1177,93,1177,0
img_23729,861,897,681,894,683,788,862,790,全
img_23729,884,1045,685,1045,685,916,884,916,聯
img_23734,1305,757,372,878,357,757,1290,636,誠達電器
img_23734,275,938,52,736,105,678,328,879,毗
img_23738,378,974,336,973,338,914,380,915,鮑
img_23743,548,374,454,352,461,322,555,344,COATING
img_23743,757,484,649,462,654,437,762,458,預約車維
img_23745,1365,909,561,799,570,736,1373,846,山辛冷天糖飲南果免塑耐透紙紙塑各巾湯烤海香庾然果料北汁洗膠A叉匙肉
img_23746,560,510,444,510,444,384,560,384,三
img_23748,1307,942,1228,942,1228,775,1307,775,氣血
img_23750,744,1223,684,1223,684,1090,744,1090,入
img_23754,471,892,182,933,158,763,447,722,大埔
img_23758,1178,823,402,818,403,778,1179,784,專專連高快列
img_23764,313,1111,213,1111,213,901,313,901,熊
img_23765,513,910,81,910,81,873,513,873,壁紙地磚.拉門捲簾各式窗簾
img_23766,1129,526,329,664,309,551,1110,413,###
img_23766,170,839,77,794,266,405,359,450,冕
img_23769,441,468,342,465,344,414,443,416,刀
img_23770,423,1400,376,1400,376,1279,423,1279,骨
img_23770,468,746,256,860,224,801,436,687,:
img_23771,564,448,494,483,474,443,544,408,新
img_23771,543,623,484,620,490,464,549,467,光卜
img_23781,837,797,656,793,661,604,842,608,招
img_23784,563,654,331,645,340,402,573,411,%
img_23784,681,1015,596,1016,594,876,679,875,餛
img_23787,167,677,65,675,66,568,168,569,器
img_23789,594,667,546,643,561,613,609,637,W
img_23789,609,453,565,429,574,413,618,437,(0
img_23789,781,699,704,708,701,679,778,670,Lp43c
img_23792,1010,784,760,773,762,733,1012,744,NWKachi
img_23792,949,897,828,897,828,835,949,835,炒飯
img_23793,1593,287,284,557,239,337,1548,67,碎支傅護點打印影紙票真貝驗卡表印
img_23794,381,670,348,670,348,605,381,605,總
img_23796,583,917,551,917,551,899,583,899,=
img_23798,931,650,862,650,862,561,931,561,設房定屋
img_23809,584,1308,195,1288,198,1239,587,1258,攤位出租
img_23810,613,437,581,437,581,398,613,398,起
img_23811,669,867,597,855,605,809,677,821,離式凍
img_23811,672,877,503,854,510,799,680,822,電古理壁工買保芝凍
img_23811,704,939,498,876,513,824,719,887,庫箱程賣養
img_23813,300,822,177,810,181,766,304,778,專業
img_23817,1253,734,189,823,167,563,1231,474,炒飯
img_23819,638,875,41,875,41,540,638,540,鈔集髯
img_23820,278,911,213,911,213,785,278,785,磐
img_23822,828,513,742,511,743,491,829,493,1
img_23823,74,1036,15,1011,123,751,183,776,鬟
img_23823,528,554,402,554,402,506,528,506,L
img_23824,699,814,648,814,648,767,699,767,鉅
img_23826,998,558,842,539,852,456,1009,475,美甲設計睫毛嫁接
img_23829,2057,515,87,527,86,470,2056,458,遠離肩頸僵硬高科技氧身高科技臉部保養
img_23831,562,1133,440,1137,431,797,552,793,豢云
img_23831,564,1165,442,1165,442,1049,564,1049,福
img_23836,267,762,148,796,141,770,259,736,;
img_23837,288,847,217,847,217,759,288,759,慶
img_23843,719,393,605,442,575,374,689,324,語
img_23843,752,1117,605,1133,584,944,731,928,班
img_23844,1011,1031,31,1058,29,1003,1009,975,李韋辰律師何俊賢律師邱劭璞律師吳秋樵律師
img_23846,71,943,14,943,14,789,71,789,手
img_23849,621,704,484,678,498,604,635,629,不
img_23850,1318,603,758,605,757,494,1317,491,小兒耳鼻喉專科醫師
img_23852,742,362,520,198,585,109,808,273,ThalResial
img_23854,1012,317,938,317,938,182,1012,182,吉
img_23858,797,831,709,829,711,691,799,693,逛
img_23861,493,179,280,194,274,107,487,92,.
img_23868,696,527,310,499,325,299,711,328,LwverK
img_23873,486,463,398,460,400,412,488,415,月及
img_23874,426,758,270,743,283,607,439,622,昭
img_23878,589,830,310,729,329,675,608,776,岫
img_23880,1271,350,476,344,477,309,1272,315,輕食咖啡飲品嶷餅.捲餅.可煩
img_23882,299,554,164,552,165,473,301,475,盧
img_23885,652,1218,575,1217,577,1001,655,1002,翥
img_23890,586,651,468,651,468,514,586,514,吃
img_23891,823,319,687,319,687,209,823,209,遠
img_23895,778,1359,745,1359,745,1312,778,1312,日
img_23901,431,1340,354,1347,348,1290,425,1283,辦
img_23901,679,1413,508,1438,488,1305,659,1279,計
img_23901,683,1255,528,1273,513,1149,668,1131,設
img_23901,705,963,552,991,533,887,686,859,裝
img_23901,853,193,546,266,531,200,838,127,C+
img_23902,592,1143,229,1109,233,1056,597,1090,化美睫設計didui$e
img_23904,646,911,156,921,155,901,645,892,GtTEL:(03|288.9550
img_23905,840,693,716,694,714,414,839,413,常
img_23905,842,740,716,740,716,594,842,594,瑞
img_23908,827,856,711,856,711,712,827,712,旗
img_23908,831,466,712,465,716,228,835,230,旨5
img_23911,295,1232,177,1232,177,1031,295,1031,(材
img_23911,406,1331,315,1331,315,1148,406,1148,鋆
img_23911,424,919,176,913,180,775,427,781,嘉順
img_23911,666,1141,556,1162,546,1114,656,1092,51
img_23915,143,1565,77,1563,79,1482,145,1484,習
img_23917,851,382,217,498,195,377,829,261,元大證芳
img_23920,1182,1018,1111,1018,1111,853,1182,853,豆
img_23920,802,277,714,277,714,168,802,168,麗
img_23924,689,849,564,849,564,738,689,738,考
img_23930,1311,922,1175,922,1175,896,1311,896,7
img_23934,691,484,375,475,387,102,702,111,理5
img_23937,444,548,193,524,215,299,465,323,P
img_23939,661,640,517,642,514,321,657,319,搖滾
img_23941,156,1093,119,1091,121,1016,159,1018,給
img_23944,1145,605,127,741,90,459,1108,323,et
img_23944,1351,383,1246,396,1237,314,1341,302,寵
img_23949,1065,893,864,872,868,834,1069,855,健康體重挫制
img_23951,579,1041,520,1041,520,977,579,977,臘
img_23953,230,736,159,695,185,649,257,689,T
img_23953,804,624,693,602,775,188,885,209,診)
img_23957,597,880,512,880,512,803,597,803,緻
img_23958,99,657,60,643,69,617,108,631,%
img_23962,364,558,288,575,278,532,354,515,心
img_23968,358,1267,240,1267,240,1167,358,1167,木器檀佛曰
img_23968,386,178,262,178,262,55,386,55,新
img_23968,382,1089,248,1084,253,930,387,935,行
img_23968,396,1212,362,1212,362,1178,396,1178,神
img_23975,831,862,214,831,230,514,847,546,登奄
img_23976,1257,740,1218,756,1131,543,1169,527,刁薹
img_23977,488,594,311,590,317,321,494,325,囂
img_23977,502,762,306,760,307,607,504,609,舖
img_23979,343,410,282,379,404,143,465,174,重力
img_23982,460,808,374,837,354,778,440,749,轉
img_23983,816,1282,239,1223,257,1055,833,1114,場
img_23985,97,1104,42,1100,57,909,112,914,3
img_23989,476,530,395,530,395,384,476,384,托
img_23989,653,379,638,379,638,358,653,358,6
img_23991,338,805,219,805,219,746,338,746,4
img_23992,453,638,110,596,129,436,472,478,c^fe
img_23993,188,640,31,698,18,662,175,605,[
img_23993,205,424,27,506,0,447,177,364,4
img_23997,1026,795,330,788,331,746,1027,754,罩頭套毯被句
img_23997,1108,804,1070,812,1035,650,1073,642,嫁
img_23997,263,684,64,684,64,651,263,651,批發+尋甚
img_23998,244,1244,159,1244,159,995,244,995,1
img_23998,300,1168,251,1168,251,1066,300,1066,登
img_24005,410,627,372,627,372,582,410,582,瓶
img_24012,660,1383,561,1386,553,1137,652,1134,巢林
img_24012,676,1520,623,1523,616,1409,669,1406,巢
img_24015,739,813,115,968,74,803,698,648,3
img_24016,891,1138,849,1149,773,856,815,845,耋摹薹
img_24016,904,1509,728,1548,640,1144,816,1106,蒡
img_24019,754,1095,644,1096,642,856,752,855,畫窒
img_24019,756,1089,648,1089,648,997,756,997,室
img_24020,527,908,416,908,416,810,527,810,叫0
img_24022,156,500,99,484,110,444,167,460,福
img_24027,321,643,106,643,106,469,321,469,泓
img_24028,399,1198,113,1200,112,1170,398,1169,沙鹿2庇
img_24029,1831,813,1770,828,1735,685,1795,670,篆
img_24030,300,823,246,820,251,709,305,711,瓊
img_24031,688,754,397,818,379,735,670,671,亞樹
img_24038,954,1030,861,1013,866,988,959,1005,;回
img_24041,523,964,500,963,501,903,525,904,日
img_24046,1137,694,312,746,305,638,1130,587,CGunhtCoedding
img_24046,935,946,197,939,198,836,936,842,湛盧咖啡[2F
img_24049,240,1072,212,1072,212,1001,240,1001,膠製
img_24056,879,1285,736,1338,714,1280,857,1227,%
img_24060,178,494,135,462,275,272,318,304,薹
img_24061,282,857,184,854,194,509,292,512,答沙
img_24063,877,962,780,964,777,801,873,799,弘仁
img_24064,1742,728,88,724,89,677,1743,681,脆丸湯蛋花湯紫菜蛋花湯魚丸湯貢丸湯蛋包湯粉腸湯餛飩湯鮮蝦餛飩湯
img_24064,1817,657,181,646,182,602,1818,613,牛肉麵陽春麵乾麵炸醬麵麻醬麵餛飩麵鮮蝦餛飩麵榨菜肉絲麵
img_24066,684,1199,30,1217,29,1189,683,1171,止酒駕酒後不開車安全
img_24070,374,490,267,490,267,378,374,378,有
img_24076,898,916,849,916,849,804,898,804,隄
img_24087,1160,725,1096,728,1092,625,1156,622,新現
img_24088,660,767,603,775,573,547,630,540,萎
img_24088,488,1326,408,1258,656,963,737,1031,鑫|暠
img_24093,512,186,372,311,339,274,478,149,BRA
img_24093,622,802,510,698,534,673,645,777,)
img_24095,379,407,189,407,189,265,379,265,佛
img_24100,784,968,227,970,226,908,783,907,一貫昨業價格質在自設工廒
img_24103,178,274,123,262,153,122,208,134,伊羚
img_24104,332,1337,101,1337,101,1218,332,1218,槿葦
img_24106,734,741,697,741,697,726,734,726,[-
img_24106,735,673,690,673,690,632,735,632,便
img_24107,403,503,155,518,153,495,402,480,1
img_24113,277,573,161,568,165,478,281,483,榔
img_24114,704,859,625,860,623,703,702,702,婁
img_24118,816,728,657,658,691,581,849,652,匝俱
img_24119,897,750,827,747,831,671,901,674,洲
img_24120,899,841,836,841,836,763,899,763,瑞
img_24123,972,467,520,467,520,202,972,202,特
img_24125,1326,1014,34,1008,35,947,1327,953,5050505050606060607075?5757055656570.70706570757070?0?
img_24128,224,790,59,786,61,724,225,728,Hele
img_24129,572,1455,425,1456,424,991,570,990,寶市
img_24129,576,969,407,967,409,733,578,734,挖
img_24131,271,758,153,760,146,366,264,364,]私
img_24132,813,937,194,946,193,917,812,908,屏東火車後站-建華站
img_24136,921,811,786,814,781,579,916,576,L睪
img_24136,945,1790,175,1785,176,1706,946,1710,頻耒三電池螢幕UB.鏡頭
img_24138,607,173,491,175,490,104,606,102,1
img_24138,621,88,491,97,487,48,617,38,虫可
img_24138,940,808,335,870,318,706,923,644,麵線
img_24142,1013,1258,942,1267,893,896,964,887,鏡
img_24148,550,749,113,749,113,556,550,556,日艮
img_24148,566,1371,502,1371,502,1321,566,1321,0
img_24150,700,863,671,863,671,833,700,833,餅
img_24156,488,1106,347,1137,339,1101,480,1069,.934090
img_24158,749,600,566,596,569,474,752,478,次
img_24162,279,448,192,431,227,248,314,264,黛
img_24170,476,405,334,404,336,158,478,159,簧
img_24172,520,1125,463,1125,463,993,520,993,長青
img_24172,80,835,3,835,3,753,80,753,2:2
img_24173,908,659,789,659,789,578,908,578,程
img_24175,753,544,357,530,359,473,755,487,幸廚房
img_24181,658,487,452,489,451,373,657,372,圓樓
img_24181,796,928,460,1018,439,937,775,848,*
img_24185,913,1329,743,1328,745,1000,915,1001,勿
img_24186,494,843,444,844,442,703,492,702,苣
img_24188,720,930,597,930,597,681,720,681,凳
img_24190,779,897,231,757,327,384,875,524,味
img_24192,509,518,345,507,352,391,517,402,徠
img_24192,502,395,330,362,347,268,519,300,媛
img_24194,568,801,521,801,521,771,568,771,鏽
img_24197,1222,886,1020,851,1028,807,1230,843,外
img_24197,814,599,541,494,555,457,829,562,71
img_24212,966,1018,930,1018,930,984,966,984,眼
img_24213,1249,656,1208,656,1208,537,1249,537,蚤
img_24214,917,961,795,985,772,870,894,845,麵
img_24222,445,472,215,472,215,436,445,436,2
img_24223,397,305,34,285,41,154,404,174,王捷
img_24223,615,1433,360,1448,341,1140,596,1125,凳
img_24225,592,415,522,392,540,337,610,360,粥
img_24225,610,308,538,281,551,247,623,274,啼
img_24226,824,1702,717,1703,715,1423,822,1422,姜
img_24227,694,953,466,953,466,731,694,731,門
img_24228,117,1165,44,1165,44,1105,117,1105,證
img_24231,1008,875,977,875,977,851,1008,851,()
img_24246,492,456,388,456,388,369,492,369,長
img_24246,495,653,377,653,377,345,495,345,長
img_24259,758,736,650,740,640,505,749,501,岱斤
img_24259,873,1251,847,1251,847,1224,873,1224,西
img_24265,277,263,183,263,183,141,277,141,et
img_24265,283,1228,109,1228,109,827,283,827,公袁
img_24265,306,593,135,593,135,425,306,425,龍
img_24265,308,804,121,804,121,611,308,611,物
img_24269,648,1307,147,1302,151,913,651,918,覺見
img_24269,718,775,302,767,305,644,720,652,福口
img_24269,761,883,171,914,165,795,755,764,D緣碑迎
img_24271,550,933,467,924,475,854,558,863,和
img_24274,290,456,102,456,102,398,290,398,###
img_24284,200,568,66,490,238,194,372,272,燒
img_24284,989,949,296,949,296,783,989,783,食
img_24285,175,1299,47,1299,47,967,175,967,髮廳
img_24285,594,177,473,175,475,46,596,47,禎
img_24286,208,639,6,639,6,488,208,488,館
img_24292,488,611,355,572,382,480,515,520,駕
img_24294,1051,635,969,635,969,426,1051,426,搓
img_24294,630,783,576,783,576,687,630,687,穀漿
img_24295,566,508,35,592,26,531,556,447,14
img_24297,356,1121,261,1121,261,1101,356,1101,030
img_24298,938,656,911,656,911,632,938,632,#3
img_24299,705,824,577,842,567,770,695,752,份
img_24299,705,1003,565,1013,559,928,699,918,限
img_24299,723,577,584,603,571,537,711,511,環
img_24301,391,506,332,506,332,362,391,362,蘭
img_24301,564,940,490,940,490,842,564,842,3
img_24306,351,566,106,564,107,381,352,382,麵
img_24307,823,550,749,557,742,486,816,479,蝦
img_24309,977,935,559,1047,509,859,927,747,{
img_24310,787,202,639,202,639,91,787,91,睛
img_24311,736,544,31,556,29,427,733,414,L口振宇五金
img_24312,693,1377,553,1392,545,1312,685,1298,3
img_24314,180,1167,111,1170,109,1130,178,1127,專業
img_24317,1299,479,38,551,34,490,1296,418,糕粿圓粿粿.粿粽糕桃塔
img_24318,398,275,177,275,177,191,398,191,Uung
img_24319,568,901,384,904,375,455,559,451,亡
img_24320,1489,433,537,306,565,93,1518,220,心悅髮
img_24320,386,248,314,245,318,137,391,140,盞
img_24323,620,681,524,713,470,551,566,519,芩
img_24323,632,604,440,534,492,390,684,460,柬
img_24324,759,811,443,756,467,613,784,668,廚電清浴器潔
img_24325,1028,547,554,534,558,393,1032,406,裝小案
img_24326,1008,794,388,736,393,682,1013,741,INSIAIO
img_24327,583,334,384,331,386,178,586,181,卻
img_24328,391,1076,285,1076,285,822,391,822,華珍
img_24331,1768,850,1729,878,1666,788,1705,761,台
img_24331,1814,874,1767,891,1734,801,1780,784,北
img_24331,399,228,197,163,221,86,424,151,中發
img_24333,1037,835,954,864,934,808,1017,779,00
img_24333,476,306,383,302,387,229,479,233,揚
img_24334,448,1027,240,1090,227,1046,435,983,酬8
img_24337,205,433,68,380,101,295,238,349,順
img_24337,891,985,818,1028,798,993,871,951,恤.
img_24342,776,851,699,848,701,802,778,805,斯
img_24342,781,906,710,906,710,846,781,846,朵
img_24350,1327,744,1300,744,1300,727,1327,727,03
img_24352,55,838,34,835,41,776,62,779,賈
img_24356,791,666,559,666,559,527,791,527,膚
img_24357,1124,139,817,360,768,291,1075,71,(
img_24357,1195,273,503,686,451,598,1143,185,0
img_24357,821,550,728,463,1110,56,1203,144,>`$$&7$$$5<NNN
img_24359,1060,406,401,428,400,403,1059,381,70;`山東佬素餞80;酸辣蔬素麵
img_24359,953,534,284,555,283,532,952,510,70=青佬素燄
img_24362,267,1004,172,1004,172,859,267,859,早餐
img_24362,78,1259,20,1259,20,1216,78,1216,半5
img_24364,888,828,247,677,289,498,930,649,襪襪批發零售
img_24370,487,601,333,604,329,415,483,412,義
img_24373,348,466,151,452,154,409,351,423,7
img_24373,735,907,338,912,337,889,734,885,"圖效能提昇3.5倍畫面呈現超越市售Utrabook"""
img_24375,395,881,166,898,162,842,391,826,冷暖空調
img_24375,746,526,563,536,559,475,742,465,全或
img_24380,436,833,347,835,346,756,435,754,弘
img_24384,417,521,281,592,261,555,397,484,目
img_24385,907,532,809,532,809,456,907,456,3;
img_24386,637,1139,575,1139,575,1063,637,1063,斯
img_24387,728,639,576,635,577,598,729,602,糖水
img_24388,504,345,363,345,363,314,504,314,5
img_24390,262,831,151,812,164,739,275,758,極
img_24390,267,946,148,933,158,841,277,854,6
img_24390,366,1091,295,1091,295,1025,366,1025,邵
img_24397,1353,920,1110,920,1110,748,1353,748,日帛
img_24398,933,134,759,142,756,84,930,76,0
img_24403,987,850,956,850,956,767,987,767,維
img_24404,619,1178,585,1180,582,1131,616,1129,銀
img_24406,427,1277,289,1274,290,1198,429,1201,口HEHLTR
img_24411,490,1022,395,1022,395,944,490,944,宏
img_24421,884,1654,130,1815,62,1497,816,1337,T
img_24423,903,92,855,55,867,39,915,77,il
img_24424,1106,620,280,599,284,439,1110,460,2F
img_24426,280,359,177,378,173,354,275,335,時
img_24426,915,427,89,469,85,382,911,340,集
img_24426,914,458,457,466,456,445,913,437,剛日起
img_24428,448,1319,360,1319,360,1224,448,1224,韁
img_24428,767,1339,203,1314,209,1176,773,1201,羊肉爐
img_24430,716,427,638,407,644,385,721,404,CTM
img_24431,575,890,392,890,392,774,575,774,腎般口
img_24432,464,1054,384,1061,363,804,443,798,邕
img_24433,197,759,145,759,145,668,197,668,囂
img_24437,997,983,881,988,869,666,985,662,鑿
img_24449,862,375,600,436,580,349,842,288,CafeCat
img_24452,398,596,319,583,329,522,408,535,昭
img_24452,404,437,326,427,333,366,412,376,壯
img_24453,1006,322,782,320,784,115,1007,117,腸
img_24455,1816,489,291,441,300,145,1825,193,到7
img_24458,894,1935,650,1952,647,1911,891,1894,所
img_24460,816,1140,750,1081,981,822,1047,882,蠱
img_24471,425,718,332,741,320,695,414,672,平日
img_24474,1616,440,263,401,264,357,1617,396,金融證照公職考試不動產諮昭
img_24474,2098,145,367,148,366,76,2097,73,金融證照公職考試國營事業不動產證照會計證貝
img_24475,393,420,285,424,282,327,389,323,訊
img_24475,420,743,289,752,281,645,413,635,化
img_24477,267,514,161,536,148,469,253,447,租
img_24480,1153,591,1067,603,1056,526,1142,514,酣
img_24484,340,590,291,582,308,470,357,477,昱
img_24484,590,593,564,591,568,545,594,547,聞
img_24487,1089,913,527,913,527,725,1089,725,永和國中
img_24489,433,1188,185,1188,185,805,433,805,釜
img_24494,947,332,813,332,813,195,947,195,恆
img_24499,646,720,199,720,199,569,646,569,奚
img_24500,801,1118,272,1091,280,927,809,954,現%
img_24502,362,439,316,439,316,385,362,385,腳
img_24503,426,947,379,945,383,818,431,820,蛋糕
img_24511,135,422,78,417,84,347,141,352,炸
img_24511,291,256,210,252,211,223,293,227,雞塊
img_24511,294,221,211,217,212,188,295,192,雞扭
img_24512,1132,503,910,645,869,581,1091,438,雜腿
img_24512,696,803,417,746,448,590,728,646,腿
img_24512,871,857,34,652,83,451,920,656,雞腿王
img_24512,1005,608,909,640,892,587,988,555,郯
img_24515,823,1072,720,1072,720,954,823,954,葉
img_24518,1055,346,954,346,954,70,1055,70,耋
img_24523,1808,627,1736,627,1736,424,1808,424,9
img_24525,466,514,396,516,394,430,464,428,新
img_24526,1279,623,1003,592,1007,552,1283,582,創
img_24529,1265,311,10,311,10,257,1265,257,母週週五當月壽星出示證件任意消費即向草珍珠丁香豆花乙碗
img_24530,386,866,7,866,7,565,386,565,O5
img_24530,649,737,480,737,480,590,649,590,茄
img_24533,1229,989,985,961,988,933,1232,960,all
img_24534,1184,944,674,944,674,903,1184,903,瓜糸
img_24534,643,840,163,848,161,768,642,760,勿飩丸丸
img_24536,730,529,517,436,547,368,760,461,8BAB
img_24536,858,963,815,971,802,906,845,898,品
img_24536,865,1284,686,1289,681,1126,861,1121,坊
img_24537,164,194,57,142,68,119,175,171,WRID
img_24541,324,880,272,898,265,878,317,859,州
img_24541,887,304,835,326,823,297,875,275,心
img_24545,261,970,95,975,93,923,259,918,豆乳雞
img_24547,548,1352,501,1352,501,1326,548,1326,[
img_24550,1133,377,507,390,505,261,1130,249,排:排:肉
img_24550,1135,502,121,502,121,376,1135,376,己:唱:咖:咖咖
img_24550,2190,231,1069,256,1066,114,2187,90,###
img_24559,1341,1020,1271,1020,1271,955,1341,955,%
img_24560,272,492,233,493,231,375,270,374,各
img_24567,705,720,630,722,627,626,702,624,祐
img_24572,1216,842,761,786,779,645,1233,700,]歇葶
img_24579,302,784,190,769,199,708,310,723,收
img_24579,668,812,339,773,345,724,674,763,壽
img_24581,784,1032,464,1032,464,754,784,754,冒
img_24582,632,772,499,772,499,679,632,679,63
img_24591,885,918,841,918,841,838,885,838,薑
img_24597,439,695,360,670,379,609,459,634,泉
img_24597,787,1355,716,1355,716,1227,787,1227,尕
img_24598,1015,694,883,677,891,609,1023,626,F0
img_24598,514,651,31,759,13,681,496,572,7
img_24600,494,419,420,411,426,345,501,352,後
img_24604,399,1175,355,1175,355,1058,399,1058,經養
img_24609,554,612,303,541,358,346,609,417,穌
img_24612,798,861,161,918,148,777,786,719,}73-2888
img_24617,310,1248,254,1264,227,1173,283,1156,雞
img_24618,237,985,170,985,170,943,237,943,眠
img_24620,314,186,140,184,141,110,315,111,摔牛
img_24624,339,989,289,987,290,949,341,951,燒瞄
img_24624,78,1288,14,1281,28,1153,92,1160,泉
img_24625,745,879,549,848,556,804,752,836,數學理化絢複習
img_24627,255,998,229,993,234,969,260,975,:
img_24627,289,851,214,838,259,576,334,589,麇鏽
img_24630,794,115,664,115,664,10,794,10,變
img_24635,784,1056,296,1090,283,909,772,875,]於天馬行空刊
img_24638,111,772,11,793,3,753,103,732,#
img_24650,781,249,738,245,750,124,793,128,駕檢
img_24650,861,244,821,238,838,120,878,126,定
img_24653,700,725,660,725,660,702,700,702,招
img_24653,707,862,667,864,663,736,703,734,鵝肉飯
img_24654,487,776,425,776,425,627,487,627,會館
img_24656,853,546,674,546,674,498,853,498,1
img_24665,1022,647,844,647,844,460,1022,460,出
img_24665,1023,741,946,741,946,644,1023,644,州
img_24669,798,677,530,661,541,485,808,500,籠
img_24669,898,485,344,473,347,350,901,362,手鮮)
img_24672,554,725,273,725,273,618,554,618,全國
img_24674,1353,324,1290,332,1271,173,1335,166,汾
img_24676,343,883,124,920,110,837,330,800,川#棧
img_24677,379,877,209,872,214,723,384,728,街
img_24683,236,987,202,987,202,945,236,945,6
img_24684,1231,1016,1159,1021,1144,801,1215,795,###
img_24685,1360,932,1331,932,1331,908,1360,908,和
img_24685,834,534,270,262,365,65,929,337,室內裝修殼計有限公
img_24687,538,651,442,651,442,542,538,542,電
img_24689,751,533,593,531,594,498,752,500,RLD
img_24692,597,512,501,510,504,260,601,262,眾集
img_24692,605,285,514,287,512,164,603,162,鉅
img_24693,964,1126,798,1121,800,1056,966,1061,}旺堡
img_24695,169,780,78,753,179,416,270,444,蔡
img_24696,789,591,625,588,632,198,797,201,*
img_24696,810,1491,681,1477,683,1455,812,1469,水
img_24697,605,475,519,505,500,452,586,422,il
img_24706,1317,780,649,799,646,664,1313,646,四輪定位專業底盤各種輪胎
img_24708,841,1189,744,1196,737,1098,834,1091,福
img_24708,850,1402,750,1405,745,1203,845,1200,藥
img_24711,800,380,685,333,716,255,831,302,動
img_24712,344,824,275,832,270,789,339,782,M
img_24712,729,599,597,625,595,612,726,586,1
img_24714,689,1648,427,1646,436,859,697,862,螺
img_24725,774,1152,616,1164,583,714,741,702,唯鬟
img_24728,221,507,66,505,69,216,223,218,隹
img_24728,212,212,82,162,97,124,227,174,T
img_24729,988,1236,627,1234,628,1200,989,1202,吐
img_24743,910,355,751,387,732,290,891,259,据
img_24750,475,1068,374,1067,376,913,477,914,墊
img_24753,261,667,162,583,375,329,474,412,>
img_24758,1632,517,742,517,742,486,1632,486,0986692518
img_24758,1651,607,1624,609,1619,526,1646,525,柳采
img_24759,624,706,505,816,291,586,410,475,姿
img_24760,622,503,259,592,213,408,577,318,#
img_24761,835,963,797,984,734,873,772,852,薹
img_24768,337,469,268,465,271,415,340,418,呆
img_24770,255,930,140,940,136,891,250,881,9IIN
img_24770,919,932,674,1046,647,987,893,874,###
img_24770,907,906,780,946,770,913,897,873,2
img_24777,153,698,115,695,122,609,160,612,漢堡
img_24779,946,902,633,862,642,789,955,829,DAllWUAll丹圓錨
img_24781,762,644,637,661,612,467,736,450,薯
img_24781,785,748,620,722,634,631,799,656,廚
img_24782,420,570,316,570,316,520,420,520,泰
img_24782,567,368,386,368,386,291,567,291,1泰
img_24785,346,1206,232,1203,238,965,352,968,食堂
img_24785,609,293,524,293,524,218,609,218,G
img_24786,645,466,176,401,197,254,666,319,託ATMJC
img_24791,526,977,458,974,460,944,528,947,C(2
img_24796,214,954,109,954,109,910,214,910,蚵仔
img_24799,1175,771,136,584,195,252,1235,440,8
img_24801,1005,1611,9,1599,12,1380,1008,1392,漢方減重
img_24802,66,801,23,801,23,760,66,760,新
img_24802,867,604,735,615,699,198,832,187,義孱
img_24803,1189,598,251,465,277,280,1215,413,FENGJl
img_24805,968,671,867,671,867,589,968,589,3
img_24810,666,425,438,524,390,415,618,316,世
img_24813,934,550,716,553,709,49,927,46,山
img_24814,664,497,439,501,436,356,662,352,建
img_24814,669,669,436,671,434,505,667,504,材
img_24814,689,848,427,848,427,679,689,679,公有司限
img_24819,286,600,138,598,139,521,287,522,投
img_24823,311,973,229,973,229,855,311,855,料
img_24823,982,509,868,509,868,413,982,413,瑞
img_24823,994,712,876,712,876,521,994,521,益橡
img_24826,865,1125,791,1122,792,1101,866,1104,00
img_24829,683,364,641,364,641,299,683,299,戴
img_24829,694,370,476,379,473,310,691,301,需量體溫戴
img_24830,937,651,603,503,651,394,985,542,糸
img_24831,442,958,373,958,373,884,442,884,給
img_24831,990,564,865,566,862,339,987,337,搖
img_24835,326,405,174,398,181,237,333,244,材材鬻裝|洗
img_24837,610,1146,549,1149,545,1074,606,1070,糕
img_24838,1127,945,1096,945,1096,855,1127,855,車步
img_24840,466,979,194,972,197,846,469,853,發零環|燭|紙|售
img_24841,317,672,251,672,251,626,317,626,昭
img_24843,634,919,597,919,597,878,634,878,腳
img_24843,635,855,595,855,595,812,635,812,雞
img_24844,1233,695,607,741,602,676,1228,630,品酗0928.297330
img_24850,1145,793,939,748,948,706,1154,751,1771.)|)}
img_24850,193,599,133,586,164,441,223,453,籌
img_24850,363,829,276,813,286,761,372,776,日
img_24850,374,778,281,764,296,668,389,682,餐
img_24854,1096,496,203,503,202,462,1095,455,玖採光棟距獨閂獨院雙車庫5大房超值三代宅
img_24856,1276,796,760,816,757,734,1273,714,塑膠杯:
img_24856,544,962,277,968,276,938,543,932,場租
img_24864,1068,401,616,401,616,99,1068,99,黑超
img_24866,708,942,594,942,594,869,708,869,56
img_24871,493,943,460,940,466,861,499,864,暠
img_24872,1398,529,1327,537,1317,455,1387,446,維
img_24879,649,787,519,787,519,450,649,450,事務所
img_24881,749,690,681,670,691,638,759,658,塢
img_24881,753,652,682,634,692,597,763,616,勝
img_24888,464,715,416,737,402,707,450,685,IS
img_24889,265,732,223,729,229,652,271,655,晴記
img_24890,808,1006,600,1004,601,929,809,930,骰
img_24890,890,1063,845,1075,773,812,819,800,鬟
img_24892,548,1110,466,1120,464,1102,546,1092,#].000
img_24894,607,344,538,344,538,297,607,297,斯
img_24894,612,288,517,282,519,254,614,260,2GENF
img_24894,999,1476,435,1476,435,1334,999,1334,"水匣""-INI"
img_24895,453,788,403,776,455,554,506,565,?
img_24895,547,886,470,869,517,654,595,671,羲
img_24898,1730,908,1594,908,1594,510,1730,510,警
img_24899,974,1152,825,1146,827,1098,976,1104,專線
img_24904,1171,833,1007,832,1008,751,1172,753,HEALTW
img_24905,175,469,127,471,122,340,170,338,>
img_24909,487,1831,360,1838,339,1434,465,1428,車
img_24909,755,1714,627,1773,598,1709,726,1650,恤
img_24911,633,938,546,938,546,664,633,664,旬湯
img_24912,1518,425,1308,500,1265,381,1475,306,酬
img_24913,460,833,398,833,398,734,460,734,嘉
img_24913,468,999,406,1000,405,909,466,908,檳
img_24913,477,1081,411,1085,406,1000,471,996,榔
img_24916,970,963,877,956,893,736,986,743,有肉
img_24923,642,921,561,921,561,856,642,856,馮
img_24926,393,549,270,546,272,457,395,459,特
img_24934,659,31,613,19,617,5,662,18,1
img_24935,865,570,801,568,802,534,866,536,鍋物
img_24938,209,378,102,376,105,176,212,178,外
img_24938,922,875,649,847,659,757,931,785,6
img_24939,1052,990,1029,994,1018,936,1040,931,瑞爾
img_24939,308,105,139,202,106,146,275,48,炸
img_24941,205,933,94,933,94,907,205,907,14{758:
img_24948,578,1044,464,1044,464,783,578,783,奉
img_24949,473,435,371,500,346,461,448,396,職
img_24949,478,315,382,371,361,335,457,280,縣
img_24952,404,1150,344,1133,350,1112,410,1129,Ules
img_24954,935,1176,423,1188,419,1004,931,992,鍋季四媽鹿
img_24959,578,170,366,166,367,113,579,117,C(y
img_24960,747,1006,721,1006,721,947,747,947,牙
img_24966,516,813,475,813,475,766,516,766,門
img_24968,1188,855,1136,855,1136,827,1188,827,布
img_24968,440,946,381,942,393,774,451,778,客冢
img_24973,696,768,141,783,140,756,695,741,2255請上六樓個別班.體班.2-L人
img_24977,482,845,398,832,407,777,490,789,份
img_24978,397,490,297,473,300,456,400,473,M
img_24978,403,474,297,463,303,404,409,416,h
img_24980,924,419,827,412,830,373,927,381,W(
img_24980,1068,1069,683,1217,607,1017,991,870,黼
img_24981,1274,552,193,1062,72,805,1152,295,兀p
img_24983,1209,811,1163,811,1163,780,1209,780,吊
img_24983,991,792,930,792,930,738,991,738,勢
img_24989,1085,736,129,738,128,665,1084,664,Tg心頭頭關關關關線霑窨器關材
img_24990,857,1144,812,1144,812,1007,857,1007,口
img_24991,367,1057,249,1055,251,829,369,831,方
img_24991,376,604,264,602,268,340,381,342,充
img_25004,285,453,120,453,120,325,285,325,A[
img_25004,723,520,563,524,550,15,709,10,匠美
img_25006,372,572,191,567,197,369,378,374,好
img_25006,371,371,188,362,198,165,381,174,超
img_25009,1080,771,988,771,988,722,1080,722,明治啡茶
img_25010,469,996,374,996,374,951,469,951,13
img_25011,292,967,133,980,132,961,290,948,1
img_25014,882,95,730,95,730,4,882,4,53
img_25014,886,283,734,283,734,116,886,116,7
img_25017,846,627,540,628,539,462,845,460,0坪
img_25020,56,1260,20,1261,18,1162,54,1161,3
img_25022,1278,57,1203,73,1193,27,1268,11,元
img_25024,249,877,219,877,219,858,249,858,11
img_25030,652,525,547,523,548,484,653,485,員好昧
img_25035,87,129,28,129,28,93,87,93,明
img_25037,436,816,390,812,400,709,446,714,學
img_25040,586,549,436,549,436,406,586,406,未
img_25042,433,1161,379,1155,380,1144,435,1150,(
img_25042,59,1035,29,1033,36,938,65,940,囂
img_25042,982,365,827,389,825,373,980,350,)
img_25043,1016,911,954,911,954,779,1016,779,諤
img_25043,1269,438,890,624,822,486,1202,300,二
img_25049,800,441,773,443,770,382,797,380,室內
img_25052,404,778,335,781,331,649,400,647,乾拌
img_25056,389,710,260,710,260,440,389,440,侄
img_25057,893,642,796,580,821,541,918,602,04
img_25058,1164,527,1048,527,1048,239,1164,239,車商
img_25058,511,494,463,494,463,448,511,448,飛
img_25058,525,435,448,435,448,393,525,393,Ct
img_25060,517,1043,415,1041,416,1024,518,1026,601
img_25061,765,631,559,508,594,448,800,571,加
img_25061,938,1088,889,1088,889,1044,938,1044,hp
img_25062,520,682,420,684,419,639,519,638,DRi%5-1
img_25066,117,1064,73,1064,73,1028,117,1028,紙
img_25067,591,1056,539,1056,539,1027,591,1027,叩N
img_25068,576,704,535,702,539,606,581,608,髦
img_25068,897,1101,855,1098,865,966,907,969,妥田堡
img_25069,240,1159,116,1159,116,899,240,899,茶園
img_25072,234,968,168,968,168,770,234,770,桑
img_25073,494,419,420,412,426,345,501,353,後
img_25081,445,1016,387,1016,387,964,445,964,3
img_25084,911,1134,883,1131,885,1118,913,1121,1=
img_25088,343,1181,136,1181,136,1167,343,1167,111
img_25088,496,369,419,369,419,310,496,310,帖
img_25093,1018,986,964,989,959,861,1013,859,6
img_25093,482,1166,441,1166,441,1102,482,1102,銀
img_25093,482,738,442,738,442,704,482,704,瑪
img_25093,757,635,732,638,722,542,748,539,銷
img_25094,624,840,187,813,192,730,629,757,宏泰人壽
img_25095,485,738,410,738,410,655,485,655,龍
img_25096,479,1187,438,1187,438,1091,479,1091,屋
img_25098,419,549,375,549,375,512,419,512,c
img_25100,573,547,545,547,545,488,573,488,板王
img_25105,170,344,69,341,75,65,177,68,決
img_25105,850,462,742,462,742,249,850,249,蓄
img_25106,249,877,219,877,219,858,249,858,11
img_25108,541,1060,416,1034,423,1003,548,1029,1
img_25111,819,947,782,934,788,919,824,933,tn
img_25114,674,519,636,519,636,460,674,460,>
img_25119,39,866,0,866,0,755,39,755,牙
img_25121,442,241,334,241,334,211,442,211,;
img_25122,701,919,668,919,668,891,701,891,琉
img_25133,652,629,618,629,618,554,652,554,保養
img_25137,591,374,443,377,437,67,585,64,汽
img_25139,225,1051,190,1051,190,1026,225,1026,石|
img_25139,334,1155,251,1151,263,905,346,910,醫
img_25139,769,607,667,607,667,341,769,341,蠻
img_25142,723,917,477,932,471,837,717,822,潔可
img_25144,1025,757,913,768,910,734,1022,722,佳赫
img_25145,719,188,579,188,579,52,719,52,飛
img_25145,791,812,548,812,548,792,791,792,5:53.5
img_25147,737,1084,310,1207,295,1156,722,1034,W
img_25148,342,844,288,844,288,691,342,691,車商
img_25152,412,547,254,701,224,670,382,516,""""
img_25153,584,697,529,697,529,640,584,640,昔
img_25154,704,1191,629,1234,613,1208,688,1165,1
img_25155,1163,931,1107,931,1107,878,1163,878,起
img_25155,1181,872,1069,875,1063,657,1176,654,80
img_25155,1309,604,1275,604,1275,580,1309,580,攤
img_25159,413,734,238,753,176,186,351,167,荸虧
img_25159,786,1188,725,1204,639,859,700,844,囂
img_25162,107,964,3,964,3,946,107,946,###
img_25165,354,1004,285,1004,285,831,354,831,速
img_25167,218,1221,130,1221,130,1051,218,1051,里
img_25180,183,570,148,570,148,494,183,494,熱炒
img_25180,711,781,663,781,663,683,711,683,蝦
img_25182,564,612,520,612,520,504,564,504,酥雞
img_25183,217,1150,128,1150,128,1067,217,1067,龍
img_25183,222,1142,124,1142,124,965,222,965,九
img_25187,530,878,47,907,44,854,527,825,請上四樓
img_25187,845,1208,703,1208,703,1145,845,1145,3
img_25188,504,680,302,670,304,637,506,646,1
img_25190,251,782,192,782,192,701,251,701,p
img_25191,40,1031,5,1031,5,979,40,979,P
img_25193,624,840,187,813,192,730,629,757,宏泰人壽
img_25196,893,1037,864,1037,864,963,893,963,仿
img_25197,954,1216,919,1216,919,1151,954,1151,$2
img_25202,316,1277,289,1277,289,1254,316,1254,凱
img_25202,317,1084,291,1084,291,1060,317,1060,杉
img_25204,1273,520,1010,520,1010,428,1273,428,專閂
img_25205,757,676,689,678,688,609,756,607,山
img_25206,1201,559,1119,600,1097,555,1178,514,1[?
img_25212,462,327,388,327,388,285,462,285,$?#
img_25214,56,1237,2,1237,2,1192,56,1192,道
img_25215,202,1045,162,1045,162,968,202,968,德
img_25218,318,637,262,637,262,511,318,511,耋
img_25220,543,997,390,997,390,844,543,844,藝
img_25222,426,693,361,693,361,632,426,632,泓
img_25222,759,680,722,690,704,627,741,617,通
img_25222,738,538,657,509,675,460,756,489,元
img_25222,855,955,792,941,800,909,863,923,麟
img_25222,876,1080,834,1086,829,1053,871,1047,訊
img_25224,619,56,571,56,571,24,619,24,耶
img_25226,935,324,887,323,889,251,937,252,新
img_25231,358,1124,305,1124,305,1063,358,1063,h印
img_25231,609,276,439,258,451,144,621,162,喉
img_25233,713,504,513,459,522,420,722,465,91g詢)(皮店諮
img_25235,1225,678,1018,699,1011,633,1218,613,雙寶爸
img_25235,539,510,277,537,270,461,531,435,夠義式貨
img_25237,56,1260,20,1261,18,1162,54,1161,3
img_25238,438,1009,279,1009,279,852,438,852,戕
img_25241,489,544,48,563,38,318,479,299,浦乃
img_25244,323,661,258,660,260,468,325,469,特
img_25245,183,570,148,570,148,494,183,494,熱炒
img_25245,711,781,663,781,663,683,711,683,蝦
img_25249,586,681,420,679,421,531,587,533,記
img_25251,183,570,148,570,148,493,183,493,熱炒
img_25251,711,781,663,781,663,683,711,683,蝦
img_25252,607,1280,451,1292,446,1235,602,1223,拉0K
img_25259,559,378,511,378,511,295,559,295,豊
img_25260,211,606,104,606,104,361,211,361,葉
img_25260,217,1055,46,1021,59,957,230,990,川
img_25266,56,1237,2,1237,2,1192,56,1192,道
img_25267,361,697,345,694,354,645,371,649,格
img_25269,379,1088,237,1088,237,1051,379,1051,Gpi55TAp0JEut
img_25271,451,1075,411,1075,411,1041,451,1041,協
img_25272,734,505,696,505,696,416,734,416,鋁
img_25273,470,1146,430,1146,430,1119,470,1119,0號
img_25273,472,1151,307,1156,305,1122,471,1116,0號5號
img_25274,300,870,271,866,281,784,309,788,肉
img_25274,398,854,272,872,260,785,385,767,牛|簡滷肉
img_25279,734,505,696,505,696,416,734,416,鋁
img_25280,647,693,560,690,561,681,648,683,00
img_25280,975,915,712,915,712,872,975,872,C喜美`髮
img_25281,485,738,410,738,410,655,485,655,龍
img_25282,438,1009,279,1009,279,852,438,852,戕
img_25284,502,1294,204,1227,223,1142,521,1210,仙%
img_25290,396,847,368,847,368,810,396,810,千
img_25293,1107,877,941,898,936,858,1102,837,旱午賢
img_25293,579,515,349,593,339,564,569,486,忡
img_25294,225,1051,190,1051,190,1026,225,1026,石|
img_25294,334,1155,251,1151,263,905,346,910,醫
img_25294,769,607,667,607,667,341,769,341,蠻
img_25295,846,568,279,632,271,561,838,497,信劫請帖:邀
img_25296,478,1255,359,1279,353,1251,472,1227,岫
img_25296,869,508,759,508,759,408,869,408,璉
img_25297,846,568,279,632,271,561,838,497,信劫請帖:邀
img_25302,343,1181,136,1181,136,1167,343,1167,111
img_25302,496,369,419,369,419,310,496,310,帖
img_25304,107,964,3,964,3,946,107,946,###
img_25307,970,291,878,291,878,68,970,68,昇
img_25308,270,625,187,625,187,458,270,458,由
img_25310,283,657,181,649,202,378,305,386,電子煙
img_25310,369,110,305,56,331,24,396,79,第
img_25318,1071,548,894,587,889,564,1066,525,"山""."
img_25320,202,1045,162,1045,162,968,202,968,德
img_25321,445,775,390,775,390,693,445,693,p
img_25321,510,431,372,431,372,363,510,363,招|稗
img_25324,727,829,216,822,218,679,729,687,KitchenBlis
img_25326,538,616,457,616,457,600,538,600,11
img_25327,411,923,271,919,276,685,416,689,漢
img_25328,76,752,4,752,4,710,76,710,70;
img_25338,1105,318,372,322,371,254,1104,250,14-
img_25344,479,1187,438,1187,438,1091,479,1091,屋
img_25345,494,419,420,412,426,345,501,353,後
img_25346,486,288,427,263,439,235,498,260,娃
img_25346,512,695,451,695,451,598,512,598,時
img_25348,493,448,361,448,361,310,493,310,伏
img_25351,593,370,508,370,508,170,593,170,且
img_25352,875,577,768,578,767,403,873,402,拿
img_25354,736,347,148,343,149,318,737,322,淨白
img_25360,361,686,279,686,279,663,361,663,#
img_25368,462,242,359,247,352,119,455,113,交
img_25372,408,320,264,320,264,176,408,176,潮
img_25373,646,820,193,816,194,784,647,788,13
img_25374,1023,1609,993,1610,991,1536,1021,1535,=
img_25375,651,1014,619,1014,619,937,651,937,棲房
img_25381,801,1161,688,1161,688,1142,801,1142,3i5
img_25381,883,500,796,512,759,248,847,236,長春
img_25383,1019,565,901,565,901,550,1019,550,1
img_25384,690,255,614,255,614,175,690,175,福
img_25384,975,1026,947,1026,947,993,975,993,邱
img_25389,1033,618,999,620,996,553,1029,551,服
img_25390,411,923,271,919,276,685,416,689,漢
img_25391,1021,432,816,432,816,302,1021,302,元%
img_25391,979,1085,855,1085,855,847,979,847,醫診
img_25396,414,1310,373,1310,373,1286,414,1286,`151
img_25396,722,1039,513,996,521,956,730,998,00
img_25397,757,676,689,678,688,609,756,607,山
img_25400,907,752,824,752,824,676,907,676,P
img_25401,221,1119,133,1127,130,1087,218,1079,渴!8
img_25402,410,485,302,487,300,365,407,362,33
img_25406,339,1007,298,1007,298,942,339,942,I
img_25407,717,720,369,720,369,640,717,640,十十+十鮮玉鮮鮮玉
img_25411,119,1055,73,1055,73,999,119,999,S
img_25413,776,404,565,404,565,365,776,365,~Z9%(皮膚諮詢)
img_25414,747,1172,683,1172,683,1087,747,1087,藥
img_25414,843,453,706,456,704,351,841,348,$
img_25414,867,886,702,886,702,601,867,601,釣且
img_25420,1023,1609,993,1610,991,1536,1021,1535,=
img_25428,401,387,304,387,304,296,401,296,正
img_25430,959,264,811,264,811,0,959,0,隔
img_25431,911,1134,883,1131,885,1118,913,1121,1=
img_25433,893,642,796,580,821,541,918,602,04
img_25434,611,747,535,747,535,570,611,570,遠傳
img_25435,1129,807,515,807,515,636,1129,636,殊
img_25435,1175,768,1110,768,1110,726,1175,726,口研
img_25436,1314,1019,1296,1022,1284,950,1302,947,牽
img_25439,1243,319,237,436,221,296,1227,179,獅9座臭臭鍋
img_25439,189,552,95,552,95,502,189,502,臭臭鍋
img_25440,836,736,672,800,656,760,820,696,~
img_25441,970,888,944,888,944,824,970,824,線請
img_25442,1273,520,1010,520,1010,428,1273,428,專閂
img_25445,704,1191,629,1234,613,1208,688,1165,1
img_25449,624,704,527,704,527,637,624,637,機
img_25454,465,800,260,855,216,692,422,637,0
img_25456,393,719,272,719,272,483,393,483,鬱
img_25457,212,975,166,975,166,896,212,896,渡假
img_25463,258,1213,49,1227,47,1189,256,1176,去5
img_25464,323,661,258,660,260,468,325,469,特
img_25465,607,944,498,945,495,668,604,667,診
img_25467,1163,931,1107,931,1107,878,1163,878,起
img_25467,1181,872,1069,875,1063,657,1176,654,80
img_25467,1309,604,1275,604,1275,580,1309,580,攤
img_25468,549,916,423,921,421,865,546,860,竭!8
img_25469,959,264,811,264,811,0,959,0,隔
img_25473,564,612,520,612,520,504,564,504,酥雞
img_25474,330,713,0,713,0,568,330,568,藍迪
img_25485,351,625,257,625,257,363,351,364,達
img_25489,267,879,201,879,201,814,267,814,牙
img_25495,151,300,28,196,68,148,191,252,%
